SITE_ID,IGBP,GRP_LOCATION.LOCATION_LAT,GRP_LOCATION.LOCATION_LONG,GRP_LOCATION.LOCATION_ELEV,GRP_CLIM_AVG.MAT,GRP_CLIM_AVG.MAP,GRP_CLIM_AVG.CLIMATE_KOEPPEN,UTC_OFFSET,data_year_length,SC_source,NEE_source,FC,FC_F,SC,SC_F,NEE,NEE_F,LE,LE_F,H,H_F,USTAR,USTAR_F,NETRAD,NETRAD_F,TA,TA_F,VPD,VPD_F,WS,WS_F,SWC,SWC_F,SW_IN,SW_IN_F
AR-TF1,WET,-54.9733,-66.7335,40,-9999,-9999,-9999,-3,2,negligible,FC+SC,0.798299956778562,1,1,1,0.798299956778562,1,0.879868414733708,1,0.879844402823801,1,0.893315084281804,1,0,0,0.951688037266484,1,0.951688037266484,1,0.893315084281804,1,0,0,0.951688037266484,1
AR-TF2,WET,-54.8269,-68.4549,60,5.5,530,-9999,-3,2,negligible,FC+SC,0.502126812765852,1,1,1,0.502126812765852,1,0.575383696922962,1,0.575508071938509,1,0.596452824556603,1,0,0,0.887341110917639,1,0.887341110917639,1,0.596452824556603,1,0,0,0.593069824133728,1
BR-Npw,WSA,-16.498,-56.412,120,24.9,1486,Aw,-4,4,CO2,FC+SC,0.329471627245965,1,0.626941427266267,1,0.329471627245965,1,0.612425134504111,1,0.639148309816262,1,0.641394274692925,1,0.668802659628464,1,0.675794335600447,1,0.675794335600447,1,0.641394274692925,1,0,0,0.584407674347782,1
BR-Sa1,EBF,-2.8567,-54.9589,88,26.13,2074.79,Am,-4,10,-9999,NEE,0.296572654253377,1,0.598507667031763,1,0.584268893756846,1,0.744181270536692,1,0.744181270536692,1,0.61243838992333,1,0.528694322745528,1,0.740108159912377,1,0.999942953632713,1,0.721705001825484,1,0,0,0.770376962395035,1
BR-Sa3,EBF,-3.018,-54.9714,100,26.12,2043.77,Am,-4,5,-9999,NEE,0.312853493887977,1,0.641044061302682,1,0.565818281335523,1,0.534596788907134,1,0.548405856595512,1,0.652561120233534,1,0.572967980295567,1,0.688708721036307,1,0.476338715562854,1,0.654818919905127,1,0.712666484218208,1,0.664568509396096,1
CA-ARB,WET,52.695,-83.9452,90,-1.3,700,Dfb,-5,5,negligible,FC+SC,0.383778538812785,1,1,1,0.383778538812785,1,0.722990867579909,1,0.799474885844749,1,0.885582191780822,1,0,0,0.936563926940639,1,0.936563926940639,1,0.934668949771689,1,0.936586757990868,1,0.936426940639269,1
CA-ARF,WET,52.7008,-83.955,88,-1.3,700,Dfb,-5,5,negligible,FC+SC,0.478527397260274,1,1,1,0.478527397260274,1,0.651107305936073,1,0.690856164383562,1,0.824109589041096,1,0,0,0.935719178082192,1,0.935719178082192,1,0.932203196347032,1,0.880114155251142,1,0.934920091324201,1
CA-Ca1,ENF,49.8673,-125.3336,300,9.93,1369,Cfb,-8,15,-9999,NEE,0.287497718422974,1,0.581767917984911,1,0.555655268921879,1,0.840631844731078,1,0.86462642978827,1,0.863808864687272,1,0.7490683560477,1,0.700402318082259,1,0.700151344609394,1,0.876939340472134,1,0.842814553419323,1,0.862816378680944,1
CA-Ca2,ENF,49.8705,-125.2909,300,9.86,1474,Cfb,-8,12,-9999,NEE,0.444345147550958,1,0.180816473988439,1,0.415305559780955,1,0.779472163066626,1,0.813146486157591,1,0.816664131426833,1,0.840607887131123,1,0.554133708548829,1,0.527352068755704,1,0.860297193489504,1,0.863087541831457,1,0,0
CA-Ca3,ENF,49.5346,-124.9004,-9999,9.94,1676,Cfb,-8,17,-9999,NEE,0.503492351046699,1,0.479834272678476,1,0.668662775093935,1,0.774386070853462,1,0.822856280193237,1,0.843914385399893,1,0,0,0.366841116478798,1,0.335929951690821,1,0,0,0.823752012882448,1,0,0
CA-Cbo,DBF,44.3167,-79.9333,120,6.66,876.34,Dfb,-5,25,-9999,NEE,0.387993465334788,1,0.696706200174319,1,0.684289423607847,1,0.705912685555743,1,0.742197874408481,1,0.753722523147409,1,0.533118249147801,1,0.701246697301713,1,0.693683004850802,1,0.324807542244877,1,0.536595494184057,1,0.326498249969198,1
CA-CF2,WET,58.6658,-93.83,16.5,-6.5,452,Dfc,-6,4,negligible,FC+SC,0.0830196212639744,0.46875,1,1,0.0830196212639744,0.46875,0.13938797627196,0.503472222222222,0.139273899155829,0.503472222222222,0.249443874058864,0.541666666666667,0.107546201232033,0.416666666666667,0.343956764772987,0.458333333333333,0.343543235227013,0.458333333333333,0.382857061373488,0.541666666666667,0,0,0.245351357517682,0.458333333333333
CA-DBB,WET,49.1293,-122.9849,4,10,1128,Csb,-8,4,negligible,FC+SC,0.4500372901664,1,1,1,0.4500372901664,1,0.488611216393002,1,0.612671320805468,1,0.683106943306721,1,0.562873665806751,1,0.572165641696519,1,0.518736780330354,1,0.762883446834004,1,0,0,0.568192099375237,1
CA-ER1,CRO,43.6405,-80.4123,370,6.7,946,Dfb,-5,6,negligible,FC+SC,0.418453467153285,1,1,1,0.418453467153285,1,0.562442974452555,1,0.662152144160584,1,0.750513229927007,1,0,0,0.565988062652068,1,0.552064324817518,1,0.750513229927007,1,0,0,0.856295620437956,1
CA-Gro,MF,48.2167,-82.1556,340,1.3,831,Dfb,-5,12,-9999,NEE,0.353601034299186,1,0.568199102593353,1,0.727788234846756,1,0.794105065023956,1,0.807570917940528,1,0.822182295231577,1,0.893903528785459,1,0.858097573959997,1,0.84595311430527,1,0.880432922655715,1,0.110531219104114,0.25,0.894098410525515,1
CA-Let,GRA,49.7093,-112.9402,960,5.36,398.4,Dfb,-7,10,-9999,NEE,0,0,0,0,0.872109850719685,1,0.872655319433158,1,0.883592523739021,1,0.877570103861696,1,0.930653115294275,1,0.314535071411873,1,0.562756732085806,1,0.880965368302702,1,0.602358873885407,1,0.121823201344747,1
CA-LP1,ENF,55.1119,-122.8414,751,2,570,Csa,-8,10,-9999,NEE,0.418440323022174,1,0.519150926179396,1,0.998916415731362,1,0.43408956109134,1,0.678734373574231,1,0.952812756638379,1,0.995294963044073,1,0.974501551236427,1,0.963648599324756,1,0.842885984122639,1,0.999635003193722,1,0.848263983940141,1
CA-MA1,CRO,50.1645,-97.8762,261,2.6,514,Dfb,-6,3,negligible,FC+SC,0.28820395738204,0.809027777777778,1,1,0.28820395738204,0.809027777777778,0.401179604261796,1,0.408694824961948,1,0.451940639269406,1,0,0,0.858428462709285,1,0.858371385083714,1,0.520148401826484,1,0.839307458143075,1,0.75144596651446,1
CA-MA2,GRA,50.171,-97.8762,261,2.6,514,Dfb,-6,3,negligible,FC+SC,0.255079908675799,0.753472222222222,1,1,0.255079908675799,0.753472222222222,0.341818873668189,0.753472222222222,0.351655251141552,0.753472222222222,0.439345509893455,0.753472222222222,0.772222222222222,1,0.77574200913242,1,0.772260273972603,1,0.64119101978691,1,0.737557077625571,1,0.772241248097412,1
CA-MA3,GRA,50.1774,-97.8686,261,2.6,514,Dfb,-6,3,negligible,FC+SC,0.277416286149163,0.75,1,1,0.277416286149163,0.75,0.373211567732116,0.75,0.386967275494673,0.75,0.474562404870624,1,0.624372146118721,1,0.845015220700152,1,0,0,0.560007610350076,1,0.803805175038052,1,0.80439497716895,1
CA-Man,ENF,55.8796,-98.4808,259,-3.2,520,Dfc,-6,15,-9999,NEE,0.368284966843098,1,0.586930400924743,1,0.397871418141997,1,0.656282320374764,1,0.721071363387479,1,0.715725193161769,1,0.832664111455862,1,0.844786153190972,1,0,0,0.742284936423922,1,0,0,0.858604064001947,1
CA-MR3,GRA,50.8671,-111.9045,712,-9999,325,Dwd,-7,4,SC,FC+SC,0.258749055411717,0.557291666666667,0.280552011198791,0.583333333333333,0.258749055411717,0.557291666666667,0.29562825960383,0.583333333333333,0.264608599779493,0.583333333333333,0.389764998823136,0.583333333333333,0,0,0.389764998823136,0.583333333333333,0.372880096131214,0.583333333333333,0.389764998823136,0.583333333333333,0,0,0.412732430657929,0.541666666666667
CA-MR5,GRA,50.9056,-111.8823,700,-9999,325,Dwd,-7,4,SC,FC+SC,0.262212014301613,0.583333333333333,0.359647668884522,0.583333333333333,0.262212014301613,0.583333333333333,0.328866052612886,0.583333333333333,0.310681220846258,0.583333333333333,0.438057916794923,0.625,0,0,0.438057916794923,0.625,0.40966779532593,0.592013888888889,0.438057916794923,0.625,0,0,0.505552530012076,0.625
CA-Na1,ENF,46.4722,-67.1,341,7.09,1102.7,Dfb,-4,3,CO2,FC+SC,0.253065181439732,1,0.503526146710514,1,0.253065181439732,1,0.612580074894976,1,0.635542798486893,1,0.666755374760013,1,0.667059516794343,1,0.803866405611421,1,0.803828387857129,1,0.648107666280153,1,0.77791928830764,1,0.667078525671489,1
CA-NS1,ENF,55.8792,-98.4839,260,-2.89,500.29,Dfc,-6,5,CO2,FC+SC,0.404880887185104,1,0.605570007301935,1,0.404880887185104,1,0.621691310697335,1,0.683906078860898,1,0.714597024461482,1,0.625479189485214,1,0.703803851770719,1,0.695121394669587,1,0.731836436655714,1,0.147795728368018,1,0.715076213946696,1
CA-NS2,ENF,55.9058,-98.5247,260,-2.88,499.82,Dfc,-6,5,CO2,FC+SC,0.362050474625776,1,0.546983388097846,1,0.362050474625776,1,0.53647544724352,1,0.570623402701716,1,0.681202081051479,1,0.734175337714494,1,0.70618838992333,1,0.705789065352318,1,0.680141018619934,1,0.110396129974443,1,0.636454910551296,1
CA-NS3,ENF,55.9117,-98.3822,260,-2.87,502.22,Dfc,-6,5,CO2,FC+SC,0.458515881708653,1,0.462280941949617,1,0.458515881708653,1,0.701978368017525,1,0.704111902154071,1,0.800212212486309,1,0.766406535231836,1,0.536772088353414,1,0.535745253742242,1,0.799858525009127,1,0.146586345381526,1,0.775180266520628,1
CA-NS4,ENF,55.9144,-98.3806,260,-2.87,502.22,Dfc,-6,5,CO2,FC+SC,0.274335980284775,1,0.322562979189485,0.791666666666667,0.274335980284775,0.791666666666667,0.372695326761592,1,0.401378240233662,1,0.498813435560424,1,0.58357292807594,1,0.529253377144943,1,0.501871120847024,1,0.497832238043081,1,0.13351131799927,1,0.403329225994889,1
CA-NS5,ENF,55.8631,-98.485,260,-2.86,500.34,Dfc,-6,5,CO2,FC+SC,0.358753194596568,1,0.590589631252282,1,0.358753194596568,1,0.600047918948521,1,0.757301935012778,1,0.754837531945966,1,0.796960569550931,1,0.770205823293173,1,0.750912741876597,1,0.757324753559693,1,0.0335546732384082,0.666666666666667,0.796743793355239,1
CA-NS6,OSH,55.9167,-98.9644,244,-3.08,495.37,Dfc,-6,5,negligible,FC+SC,0.321410642570281,1,1,1,0.321410642570281,1,0.66467004381161,1,0.660962029937934,1,0.767034045271997,1,0.794941128148959,1,0.794941128148959,1,0.781044633077766,1,0.766315261044177,1,0.148411829134721,1,0.766805859802848,1
CA-NS7,OSH,56.6358,-99.9483,297,-3.52,483.27,Dfc,-6,5,negligible,FC+SC,0.214973530485579,1,1,1,0.214973530485579,1,0.440660368747718,1,0.441356334428624,1,0.604714311792625,1,0.640528021175612,1,0.626277838627236,1,0.583550109529025,1,0.604052573932092,1,0.11891885724717,1,0.479303577948156,1
CA-Oas,DBF,53.6289,-106.1978,530,0.34,428.53,Dfc,-6,15,-9999,NEE,0.445964135791203,1,0.920875920180082,1,0.697907160674089,1,0.856767506235931,1,0.876661647502586,1,0.880821469854596,1,0.926727809210927,1,0.950622072154286,1,0.94759536411754,1,0.990136582101357,1,0.121205207762974,0.25,0.937336496927663,1
CA-Obs,ENF,53.9872,-105.1178,628.94,0.79,405.6,Dfc,-6,14,-9999,NEE,0.319088597692157,1,0.78759616011474,1,0.517642936306148,1,0.727398298454919,1,0.737360649325249,1,0.742123834669796,1,0.925728535106591,1,0.972468055283917,1,0.936379490188409,1,0.971575722015777,1,0.0809537779516266,0.25,0.938115261751092,1
CA-Ojp,ENF,53.9163,-104.692,579,0.12,430.5,Dfc,-6,15,-9999,NEE,0.388034617022571,1,0,0,0.457614680294458,1,0.667506996410537,1,0.689024761209466,1,0.703127851797773,1,0.867520685039849,1,0.872167214211839,1,0.872159609417777,1,0.91269696416621,1,0.108687716736631,0.25,0.869722272920849,1
CA-Qc2,MF,49.7598,-74.5711,-9999,-9999,-9999,-9999,-5,4,-9999,NEE,0.380986337317094,1,0.213825265980205,0.473958333333333,0.659702216264012,1,0.677144242562537,1,0.79056732935908,1,0.793747682478108,1,0.809406999629196,1,0.734305028665963,1,0.731481217376423,1,0.832724835277675,1,0,0,0.861676031832055,1
CA-Qcu,ENF,49.2671,-74.0365,392.3,0.13,949.78,Dfc,-5,10,-9999,NEE,0.37063024826579,1,0.06209497079226,0.541666666666667,0.670557228915663,1,0.670505887185104,1,0.61135450894487,1,0.856876369112815,1,0.588906763417306,1,0.903717141292443,1,0.83226656626506,1,0.838747033588901,1,0.587588992332968,1,0.577081051478642,1
CA-Qfo,ENF,49.6925,-74.3421,382,-0.36,962.32,Dfc,-5,8,-9999,NEE,0.418377823408624,1,0.702707905544148,1,0.840990759753593,1,0.7970282911248,1,0.771332420716404,1,0.870237280401551,1,0.92709759297285,1,0.904061145334246,1,0.904011236595939,1,0.922548767967146,1,0.906784736481862,1,0.865567248459959,1
CA-SCB,WET,61.3089,-121.2984,280,-2.8,388,Dfc,-7,3,negligible,FC+SC,0.372162098576638,1,1,1,0.372162098576638,1,0.495368191977414,1,0.499926479237737,1,0.499926479237737,1,0,0,0.769674155981649,1,0.499882366780379,1,0.499926479237737,1,0,0,0.773791318668392,1
CA-SCC,ENF,61.3079,-121.2992,285,-2.8,387.6,Dfc,-7,3,-9999,NEE,0.489765717490186,1,0.646348682160882,1,0.370661723471867,1,0.629494049473487,1,0.655757368060315,1,0.655772945354851,1,0,0,0.883263754751075,1,0.655772945354851,1,0.655772945354851,1,0.865910648638545,1,0.867483955386628,1
CA-SF1,ENF,54.485,-105.8176,536,0.4,470,Dfc,-6,4,-9999,NEE,0.25392207199498,0.458333333333333,0,0,0.289605796109305,0.458333333333333,0.650279536767642,1,0.711720577328998,1,0.708326202293342,1,0.835387072850705,1,0.819584688230932,1,0.819584688230932,1,0.835344286610759,1,0.835330024530778,1,0.835201665810942,1
CA-SF2,ENF,54.2539,-105.8775,520,0.4,470,Dfc,-6,6,-9999,NEE,0.22893605690593,0.458333333333333,0.41092281943018,1,0.253090646277911,0.458333333333333,0.557809349918217,1,0.591036174825973,1,0.607744684088402,1,0.657489824641485,1,0.69015557837879,1,0.622370573243562,1,0.80245539959679,1,0.802379322149949,1,0.519913271710601,1
CA-SF3,OSH,54.0916,-106.0053,540,0.4,470,Dfc,-6,6,-9999,NEE,0.233728936056906,0.640625,0,0,0.350450758872532,0.666666666666667,0.662587013579824,1,0.717039446156187,1,0.748811289893111,1,0.756827950853969,1,0.757255886492449,1,0.755686789151356,1,0.792261021720111,1,0.792327589486097,1,0.682576362737267,1
CA-SJ1,ENF,53.908,-104.656,580,0.13,430.23,Dfc,-6,11,-9999,FC+SC,0.083981498765893,1,0,0,0,0,0.11131852404953,1,0.119158733121772,1,0.0619490593823243,1,0.842817289942547,1,0.221942214755356,1,0.221677763258872,1,0.222932611536308,1,0.0957677389915583,0.25,0.851093066185469,1
CA-SJ2,ENF,53.945,-104.649,580,0.11,430.03,Dfc,-6,9,negligible,FC+SC,0.354371085925813,1,1,1,0.354371085925813,1,0.496444055678101,1,0.527724956263786,1,0.529715270910981,1,0.645400725133744,1,0.81524935980325,1,0.791150072259831,1,0.883851829314673,1,0.100941913237494,0.25,0.842289749245709,1
CA-SJ3,ENF,53.8758,-104.6453,-9999,0.13,433.33,Dfc,-6,9,-9999,NEE,0.127532263380746,1,0,0,0.268495981339216,1,0.274130980451814,1,0.275031059050227,1,0.276013539210466,1,0.658984305671763,1,0.713362997895591,1,0.67098957937172,1,0.583491797875307,1,0.0970753784133262,0.25,0.68566339595852,1
CA-TP1,ENF,42.6609,-80.5595,265,8,1036,Dfb,-5,16,-9999,NEE,0.324563655030801,1,0.630775154004107,1,0.599172227926078,1,0.626137206251426,1,0.643337896417979,1,0.660634839151266,1,0.94302917522245,1,0.951773899155829,1,0.950911190965092,1,0.949691991786448,1,0.952019877937486,1,0.920851870864705,1
CA-TP2,ENF,42.7744,-80.4588,212,8,1036,Dfb,-5,7,-9999,NEE,0.194498761569548,1,0.255792921392257,1,0.230396949550254,1,0.252460565767175,1,0.253413831312736,1,0.262082844479207,1,0.896085907965063,1,0.895808890627037,1,0.895743710076913,1,0.852325316125668,1,0.895645939251727,1,0.896069612827532,1
CA-TP3,ENF,42.7068,-80.3483,184,8,1036,Dfb,-5,16,-9999,NEE,0.419696840063883,1,0.6932252452658,1,0.656406856034679,1,0.673329483230664,1,0.67481605065024,1,0.698700946840064,1,0.969983458818161,1,0.957003621948437,1,0.956971537759525,1,0.971658966461328,1,0.97981191535478,1,0.984129021218344,1
CA-TP4,ENF,42.7102,-80.3574,184,8,1036,Dfb,-5,16,-9999,NEE,0.432837097878166,1,0.889947667122975,1,0.839293862651152,1,0.859813483915127,1,0.876319016655259,1,0.855079283595711,1,0.997529517453799,1,0.990809662331736,1,0.952212383070956,1,0.990093115446042,1,0.994231975815651,1,0.936694330367328,1
CA-TPD,DBF,42.6353,-80.5577,260,8,1036,Dfb,-5,6,-9999,NEE,0.41008021593674,1,0.956403968978102,1,0.905214035888078,1,0.931997034671533,1,0.934810295012166,1,0.940161192214112,1,0.982721259124088,1,0.95714530109489,1,0.95714530109489,1,0.949028664841849,1,0.982426627128954,1,0.981077022506083,1
CA-WP1,WET,54.9538,-112.467,540,1.1,461.07,Dfc,-7,7,-9999,NEE,0.462125780218706,1,0,0,0.802667818321083,1,0.809960724238523,1,0.810392594644807,1,0.810400743143039,1,0.879296295692704,1,0.879222959208618,1,0.879222959208618,1,0.879459265657339,1,0.108717263408354,0.625,0.879296295692704,1
CA-WP2,WET,55.5375,-112.3343,-9999,-9999,-9999,Dfc,-7,2,-9999,NEE,0.0986187734063544,0.541666666666667,0,0,0.180868199573149,0.541666666666667,0.189687109894093,0.541666666666667,0.189687109894093,0.541666666666667,0.189687109894093,0.541666666666667,0.853259775298997,1,0.853300044295897,1,0.788064269319051,1,0.840796520758668,1,0,0,0.817682116538477,1
CA-WP3,WET,54.47,-113.32,-9999,-9999,-9999,Dfc,-7,2,-9999,NEE,0.0750614102202714,0.5,0,0,0.149458381991705,0.5,0.155961824990939,0.5,0.155961824990939,0.5,0.155961824990939,0.5,0.866488140780413,1,0.866468006281964,1,0.866468006281964,1,0.847118753271856,1,0,0,0.821668747231507,1
CR-Lse,EBF,10.4233,-84.0211,100,25.9,3965.57,Am,-6,3,-9999,FC+SC,0,0,0,0,0,0,0,0,0,0,0,0,0.537880517503805,1,0.798230593607306,1,0.798211567732116,1,0.805213089802131,1,0.662309741248097,1,0.177644596651446,1
MX-Aog,DBF,26.9968,-108.7892,367.284,24.2,732,Bsh,-6,4,SC,FC+SC,0.430775592852967,1,0.581673249960785,1,0.430775592852967,1,0.498139090507223,1,0.591655139960358,1,0.613201762516577,1,0,0,0,0,0.739529710382592,1,0.604645856802658,1,0,0,0.660501661271693,1
MX-EMg,CSH,32.0298,-116.6045,409,17,281,Bsh,-8,3,negligible,FC+SC,0.608842761557178,1,1,1,0.608842761557178,1,0.573125760340633,1,0.678394920924574,1,0.677862682481752,1,0.647620133819951,1,0.648342457420925,1,0.663701338199513,1,0.678204835766423,1,0.648114355231144,1,0.647867244525547,1
MX-Lpa,OSH,24.1292,-110.438,21,23.6,182,Bwh,-7,5,negligible,FC+SC,0.591041780696953,1,1,1,0.591041780696953,1,0.909459952563401,1,0.912310709724503,1,0.916632457580733,1,0.873141306330962,1,0.943908502098157,1,0.943201514322204,1,0.916894727239555,1,0.945961047254151,1,0.944740923189199,1
PR-xGU,EBF,17.9696,-66.8687,143,25,1168,Am,-4,3,-9999,NEE,0.0962737642585551,0.534722222222222,0.010171102661597,0.0833333333333333,0.00106463878326996,0,0.100209125475285,0.529513888888889,0.173098859315589,0.708333333333333,0.236996197718631,0.791666666666667,0.52606463878327,1,0.70828897338403,1,0.513954372623574,1,0.237490494296578,0.791666666666667,0.490684410646388,1,0.764486692015209,1
PR-xLA,GRA,18.0212,-67.0769,24,25,1168,Am,-4,3,-9999,NEE,0.0286311787072243,0.1875,0.0531368821292776,0.276041666666667,0.0218631178707224,0.130208333333333,0.0509125475285171,0.298611111111111,0.116216730038023,0.407986111111111,0.74245247148289,1,0.838745247148289,1,0.841996197718631,1,0.782756653992395,1,0.75106463878327,1,0.284638783269962,0.708333333333333,0.842186311787072,1
US-A03,BSV,70.4953,-149.8823,5,-11.2,115.1,ET,-9,7,-9999,NEE,0.201274466663407,1,0,0,0.248300982740918,1,0.297356541012728,1,0.486220440359198,1,0.610888378233022,1,0.394139409051647,0.741319444444444,0,0,0.376741798269203,1,0.595764272559853,1,0,0,0.433937971609707,0.741319444444444
US-A10,BSV,71.3242,-156.6149,4,-11.2,115.1,ET,-9,10,-9999,NEE,0.242394168577393,1,0,0,0.272777568643555,1,0.307330344615174,1,0.526772982900426,1,0.577489933039024,1,0.443978645494678,0.821180555555556,0,0,0.438001209176049,1,0.551971755472662,1,0,0,0.455979147416812,0.869791666666667
US-A32,GRA,36.8193,-97.8198,335,33.9,889,Cfa,-6,3,-9999,NEE,0.336241636253041,1,0,0,0.391081204379562,1,0.402372262773723,1,0.413397201946472,1,0.469415298053528,1,0.581603558394161,1,0.581622566909976,1,0.581622566909976,1,0.485154349148418,1,0,0,0.309648722627737,1
US-A74,CRO,36.8085,-97.5489,337,33.9,889,Cfa,-6,3,-9999,NEE,0.291457572992701,1,0,0,0.312328923357664,1,0.320293491484185,1,0.336697840632603,1,0.494810675182482,1,0.413264142335766,1,0.524692062043796,1,0.524692062043796,1,0.512716697080292,1,0,0,0.221088047445255,1
US-ADR,BSV,36.7653,-116.6933,842,17.5,110,Bwh,-8,6,negligible,FC+SC,0.435492218732153,1,1,1,0.435492218732153,1,0.77627070245574,1,0.777127355796688,1,0.777136279268989,1,0.820040334094803,1,0.777136279268989,1,0.754390348372359,1,0.777136279268989,1,0.820040334094803,1,0.820040334094803,1
US-Akn,MF,33.3833,-81.5656,92,-9999,-9999,-9999,-5,3,-9999,FC+SC,0.610819647201946,1,0,0,0,0,0.611161800486618,1,0.612473388077859,1,0.612511405109489,1,0,0,0,0,0,0,0.612511405109489,1,0,0,0,0
US-ALQ,WET,46.0308,-89.6067,-9999,-9999,-9999,Dfb,-6,6,-9999,NEE,0.364383743917275,1,0.260036496350365,1,0.391052691605839,1,0.377138458029197,1,0.448524939172749,1,0.511965860705596,1,0.306379257907543,1,0.334502357055961,1,0.412750912408759,1,0.518761405109489,1,0,0,0.700891499391727,1
US-An1,OSH,68.99,-150.28,600,-9999,-9999,-9999,-9,12,negligible,FC+SC,0.0819545869465997,0.336805555555556,1,1,0.0819545869465997,0.336805555555556,0.154876007911152,0.375,0.154876007911152,0.375,0.154876007911152,0.375,0.293373459607485,0.887152777777778,0.380990415335463,1,0.287131066484102,1,0.154876007911152,0.375,0,0,0.296720485318728,1
US-An2,OSH,68.95,-150.21,600,-9999,-9999,-9999,-9,12,negligible,FC+SC,0.0798056443024494,0.340277777777778,1,1,0.0798056443024494,0.340277777777778,0.149351513768447,0.375,0.149351513768447,0.375,0.149351513768447,0.375,0.27300604746691,0.482638888888889,0.389705043359197,1,0.389353225315685,1,0.149351513768447,0.375,0,0,0.274779400578123,0.482638888888889
US-An3,OSH,68.93,-150.27,600,-9999,-9999,-9999,-9,12,negligible,FC+SC,0.0860004944469801,0.335069444444444,1,1,0.0860004944469801,0.335069444444444,0.165625475429789,0.375,0.165625475429789,0.375,0.165625475429789,0.375,0.275440247984178,1,0.38018693899285,1,0.367778221512247,1,0.165625475429789,0.375,0,0,0.299054845580405,1
US-AR1,GRA,36.4267,-99.42,611,-9999,-9999,Dsa,-6,4,negligible,FC+SC,0.650539014373717,1,1,1,0.650539014373717,1,0.812400182523386,1,0.814767282683094,1,0.795744923568332,1,0.884254506046087,1,0.908766826374629,1,0.857303787360256,1,0.816834930412959,1,0.908766826374629,1,0.907226785306867,1
US-AR2,GRA,36.6358,-99.5975,646,-9999,-9999,Dsa,-6,4,negligible,FC+SC,0.557837097878166,1,1,1,0.557837097878166,1,0.714564795801962,1,0.72605806525211,1,0.708333333333333,1,0.776451631302761,1,0.776579968058407,1,0.77633755418663,1,0.728453684690851,1,0.728667579283596,1,0.776366073465663,1
US-ARM,CRO,36.6058,-97.4888,314,14.76,843,Cfa,-6,17,negligible,FC+SC,0.61105946155336,1,1,1,0.61105946155336,1,0.852243527664794,1,0.927219316934599,1,0.930676609206534,1,0.876780295693718,1,0.930683065401252,1,0.930495835754406,1,0.929498353670347,1,0.795002905287624,1,0.86653754277229,1
US-Atq,WET,70.4696,-157.4089,15,-9.7,93,ET,-9,8,SC,FC+SC,0.210871549167237,1,0.948323066392882,1,0.210871549167237,1,0.347535934291581,1,0.380889231120237,1,0.414492071640429,1,0.756317020305727,1,0.754727070499658,1,0.751989219712526,1,0.55337383070956,1,0,0,0.760345368469085,1
US-Aud,GRA,31.5907,-110.5104,1469,14.85,438.35,Bsk,-7,10,-9999,NEE,0.610527336619204,1,0.930722891566265,1,0.687283223804308,1,0.722469423147134,1,0.756651606425703,1,0.636882758305951,1,0.912513691128149,1,0.912673420956553,1,0.912667716319825,1,0.912673420956553,1,0.589636956918583,1,0.903893985031033,1
US-Bar,DBF,44.0646,-71.2881,272,5.61,1245.77,Dfb,-5,14,CO2,FC+SC,0.248195313518446,1,0.798315082779299,1,0.248195313518446,1,0.455424651284057,1,0.55753405683744,1,0.822240418459132,1,0.98642615043671,1,0.975589883978621,1,0.983937068178855,1,0.781229631078086,1,0.948047027766914,1,0.973756681006388,1
US-Bi1,CRO,38.0992,-121.4993,-2.7,16,338,Csa,-8,5,negligible,FC+SC,0.210501095290252,1,1,1,0.210501095290252,1,0.617127601314348,1,0.768893756845564,1,0.863693410003651,1,0.873642296458562,1,0.873836254107338,1,0.873676524278934,1,0.863693410003651,1,0.862986035049288,1,0.873562431544359,1
US-Bi2,CRO,38.1091,-121.5351,-5,16,338,Csa,-8,4,negligible,FC+SC,0.305755190508784,1,1,1,0.305755190508784,1,0.757243896874287,1,0.877253023043577,1,0.894450148300251,1,0.920573807894136,1,0.870836185261237,1,0.862394478667579,1,0.894450148300251,1,0.864647501711157,1,0.883427446954141,1
US-Bkg,GRA,44.3453,-96.8362,510,6.03,585.76,Dfa,-6,7,SC,FC+SC,0.548869117455351,1,0.849432929213923,1,0.548869117455351,1,0.693129970016947,1,0.738031221483509,1,0.660930778255769,1,0.846190196845261,1,0.846393886064398,1,0.826603441533047,1,0.846393886064398,1,0.845668752444271,1,0.846206491982792,1
US-Blk,ENF,44.158,-103.65,1718,6.23,573.79,Dfb,-7,5,-9999,FC+SC,0.436314085020982,1,0,0,0,0,0.695755792738551,1,0.747035212552454,1,0.716931216931217,1,0.886482849844919,1,0.886494252873563,1,0.886482849844919,1,0.886528461959496,1,0.770217569786535,1,0.886494252873563,1
US-Blo,ENF,38.8953,-120.6328,1315,11.09,1226,Csa,-8,11,-9999,FC+SC,0.334842544187204,1,0,0,0,0,0.656247406854203,1,0.697882955771305,1,0.69953738278981,1,0.765870052277819,1,0.783124844411252,1,0.646123765662601,1,0.707617625093353,1,0,0,0.798242884407933,1
US-BMM,GRA,45.783,-110.7776,2324,-9999,-9999,Dfc,-7,3,negligible,FC+SC,0.140802670368579,0.458333333333333,1,1,0.140802670368579,0.458333333333333,0.156509803309884,0.458333333333333,0.363666141535774,1,0.363666141535774,1,0.626008017344917,1,0.652165774984012,1,0.652165774984012,1,0.363666141535774,1,0.652165774984012,1,0.652165774984012,1
US-Bn1,ENF,63.9198,-145.3782,518,-9999,-9999,Dsc,-9,3,CO2,FC+SC,0.464206964720195,1,0.629923205596107,1,0.464206964720195,1,0.682899939172749,1,0.683603254257908,1,0.642963047445255,1,0.741883363746959,1,0.829056417274939,1,0.828885340632603,1,0.82696548053528,1,0.829132451338199,1,0.811682633819951,1
US-Bn2,DBF,63.9198,-145.3782,410,-9999,-9999,Dsc,-9,3,CO2,FC+SC,0.469339263990268,1,0.685675182481752,1,0.469339263990268,1,0.727037712895377,1,0.726429440389294,1,0.690161192214112,1,0.874372718978102,1,0.889598540145985,1,0.889199361313869,1,0.886975364963504,1,0.846050030413625,1,0.879048813868613,1
US-Bn3,OSH,63.9227,-145.7442,469,-9999,-9999,Dsc,-9,3,negligible,FC+SC,0.487112226277372,1,1,1,0.487112226277372,1,0.654330139902676,1,0.653873935523114,1,0.622890054744526,1,0.78801703163017,1,0.799022962287105,1,0.798965936739659,1,0.803927159367397,1,0.748669403892944,1,0.798110553527981,1
US-Bo1,CRO,40.0062,-88.2904,219,11.02,991.29,Dfa,-6,13,-9999,NEE,0.49916210430266,1,0.94998508457921,1,0.655673124166491,1,0.674260370604338,1,0.751838106267986,1,0.718853091878992,1,0.865620832455956,1,0.865673475117569,1,0.865647153786762,1,0.865559416017407,1,0.49631940057556,1,0.864809258089422,1
US-Bo2,CRO,40.009,-88.29,219,11.02,991.29,Dfa,-6,5,SC,FC+SC,0.310641306330961,1,0.925561029009305,1,0.310641306330961,1,0.476851851851852,1,0.502189381499726,1,0.48584884145229,1,0.354246487867177,1,0.55026455026455,1,0.550253147235906,1,0.551701331873746,1,0.541005291005291,1,0.68913063309615,1
US-Br1,CRO,41.9749,-93.6906,313,8.95,842.33,Dfa,-6,7,negligible,FC+SC,0.709376630151278,1,1,1,0.709376630151278,1,0.913284102764737,1,0.91471048513302,1,0.953385824204486,1,0.953728155972874,1,0.945683359415754,1,0.904587245696401,1,0.955105633802817,1,0.921402256129369,1,0.91637323943662,1
US-Br3,CRO,41.9747,-93.6936,313,8.9,846.6,Dfa,-6,7,negligible,FC+SC,0.706124478351591,1,1,1,0.706124478351591,1,0.94172209181012,1,0.943189227960355,1,0.946767410015649,1,0.961878912363067,1,0.959091353677621,1,0.948161189358372,1,0.947729199269692,1,0.921646778821075,1,0.916609611371935,1
US-BRG,GRA,39.2167,-86.5406,180,11.8,1200,Cfa,-5,4,negligible,FC+SC,0.324868692552992,1,1,1,0.324868692552992,1,0.506237103732883,1,0.806966329018946,1,0.808291127368224,1,0,0,0.700677640217595,1,0.700677640217595,1,0.807493903582817,1,0.775065653723504,1,0.859700337647721,1
US-Brw,WET,71.3225,-156.6092,1,-12.6,85,ET,-9,10,-9999,NEE,0.322871029572837,1,0.950438116100767,1,0.340863453815261,1,0.418321011317999,1,0.406210067542899,1,0.428874589266156,1,0.705549470609712,1,0.706011546184739,1,0.702873995983936,1,0.602786144578313,1,0,0,0.578159227820372,1
US-BZB,WET,64.6955,-148.3208,100,-2.4,274,Dfd,-9,4,negligible,FC+SC,0.369344189827028,1,1,1,0.369344189827028,1,0.429278309353031,1,0.454546750894805,1,0.532633650377173,1,0.675902291556747,1,0.745190867996635,1,0.721876024926205,1,0.694981961298787,1,0.513126185349437,1,0.691630898227502,1
US-BZF,WET,64.7037,-148.3133,95,-2.4,274,Dfd,-9,4,negligible,FC+SC,0.319491779200593,1,1,1,0.319491779200593,1,0.440400986781126,1,0.455872916280463,1,0.521211516249091,1,0.676543984485291,1,0.721533788697649,1,0.690190654098992,1,0.620003707559143,1,0.338485889885493,0.711805555555556,0.667517503957106,1
US-BZS,ENF,64.6963,-148.3235,100,-2.4,274,Dfd,-9,3,-9999,FC+SC,0.288421692930599,1,0,0,0,0,0.391468815937043,1,0.424316155644686,1,0.484118083144829,1,0.538863649324234,1,0.666109072937062,1,0.666109072937062,1,0.60056646453894,1,0.332351208014143,0.597222222222222,0.569943163457335,1
US-CaV,GRA,39.0633,-79.4208,994,7.97,1317,Cfb,-5,7,-9999,NEE,0.246211380524052,1,0.981228001564333,1,0.256126971711641,1,0.258587537478816,1,0.349856602789728,1,0.299822383000913,1,0.507357254595229,1,0.507577238951897,1,0.474400338938861,1,0.531490353278582,1,0.413309868335289,1,0.528060226828314,1
US-Ced,CSH,39.8379,-74.3791,58,11.04,1138,Cfa,-5,10,-9999,NEE,0.406369797371303,1,0.644384355604235,1,0.499828860898138,1,0.662821741511501,1,0.687334565534867,1,0.691242241694049,1,0.947717004381161,1,0.94772270901789,1,0.94772270901789,1,0.94772270901789,1,0,0,0.942668400876232,1
US-CF1,CRO,46.7815,-117.0821,794,9,550,Dsb,-8,4,negligible,FC+SC,0.416468523550725,1,1,1,0.416468523550725,1,0.515299479166667,1,0.530839560688406,1,0.765681612318841,1,0.777782495471015,1,0.778461843297101,1,0.714489923007246,1,0.773961163949275,1,0.265341938405797,1,0.803017436594203,1
US-CF2,CRO,46.784,-117.0908,807,9,550,Dsb,-8,4,negligible,FC+SC,0.397531702898551,1,1,1,0.397531702898551,1,0.436367753623188,1,0.446487205615942,1,0.772786458333333,1,0.81834522192029,1,0.781009397644927,1,0.65817481884058,1,0.772786458333333,1,0.566335484601449,1,0.820963541666667,1
US-CF3,CRO,46.7551,-117.1261,795,9,550,Dsb,-8,4,negligible,FC+SC,0.366409080615942,1,1,1,0.366409080615942,1,0.404367640398551,1,0.418237658514493,1,0.646371150362319,1,0.667728147644927,1,0.657665307971015,1,0.602142776268116,1,0.654112884963768,1,0.292756453804348,1,0.678894927536232,1
US-CF4,CRO,46.7518,-117.1285,795,9,550,Dsb,-8,4,negligible,FC+SC,0.348448822463768,1,1,1,0.348448822463768,1,0.410948822463768,1,0.422582653985507,1,0.596623075181159,1,0.743900022644927,1,0.659759963768116,1,0.555805593297101,1,0.652244678442029,1,0.253269361413043,1,0.749377264492754,1
US-ChR,DBF,35.9311,-84.3324,286,13.91,1358.85,Cfa,-5,6,-9999,FC+SC,0.458875323292256,1,0,0,0,0,0.726361630914347,1,0.787673056443025,1,0.635259774836452,1,0.899788909173893,1,0.899817434961205,1,0.899807926365434,1,0.849165145291343,1,0.395072645671687,1,0.899817434961205,1
US-CMW,DBF,31.6637,-110.1777,1199,17,288,Bsh,-7,20,-9999,NEE,0.463522312121584,1,0,0,0.922946392158317,1,0.854485667595447,1,0.891070303075243,1,0.912040588753675,1,0.894988863189776,1,0.91521479356261,1,0.912206001043809,1,0.913900051049655,1,0,0,0.913232698017049,1
US-Cop,GRA,38.09,-109.39,1520,-9999,-9999,-9999,-7,7,-9999,NEE,0.354672013562859,1,0,0,0.429202529994784,1,0.454714397496088,1,0.485980699008868,1,0.517410015649452,1,0.583365936358894,1,0.640290818988002,1,0.640290818988002,1,0.640290818988002,1,0.489110589462702,1,0.640258215962441,1
US-CPk,ENF,41.068,-106.1187,2750,6.1,545,Dfc,-7,5,CO2,FC+SC,0.508967688937568,1,0.645183004746258,1,0.508967688937568,1,0.616945052939029,1,0.618645034684191,1,0.677379974443228,1,0.768243428258488,1,0.727478094194962,1,0.727295545819642,1,0.749726177437021,1,0.708687020810515,1,0.741910825118656,1
US-CRT,CRO,41.6285,-83.3471,180,10.1,849,Dfa,-5,3,-9999,NEE,0.502737226277372,1,0,0,0.57595802919708,1,0.579379562043796,1,0.697270377128954,1,0.703353102189781,1,0.992852798053528,1,0.999904957420925,1,0.982360097323601,1,0.703353102189781,1,0.992852798053528,1,0.999676855231144,1
US-CS2,ENF,44.1467,-89.5002,328,7,830,Dfa,-6,3,-9999,NEE,0.232854318734793,0.869791666666667,0.335595346715328,1,0.348597171532847,1,0.347589720194647,1,0.377870285888078,1,0.402258211678832,1,0.457135796836983,1,0.451585310218978,1,0.401821015815085,1,0.445654653284672,1,0,0,0.624847931873479,1
US-Ctn,GRA,43.95,-101.8466,744,-9999,-9999,-9999,-7,4,SC,FC+SC,0.427589550536162,1,0.757700205338809,1,0.427589550536162,1,0.517667693360712,1,0.532369381702031,1,0.492043121149897,1,0.550037075062742,1,0.550108373260324,1,0.550022815423226,1,0.539627538215834,1,0.562186287930641,1,0.544162103582021,1
US-Cwt,DBF,35.0592,-83.4275,690,13,1800,Dfb,-5,5,SC,FC+SC,0.323863636363636,1,0.758032128514056,1,0.323863636363636,1,0.460843373493976,1,0.816652975538518,1,0.831074297188755,1,0.908086893026652,1,0,0,0,0,0,0,0,0,0.908086893026652,1
US-DFC,CRO,43.3448,-89.7117,264.9,7.65,787,Dfb,-6,2,SC,FC+SC,0.502213085016326,1,0.601185149353005,1,0.502213085016326,1,0.595912444068207,1,0.601499576732374,1,0.604595477083081,1,0.608537912685935,1,0.609045833837223,1,0.604595477083081,1,0.604595477083081,1,0.293239811343572,0.682291666666667,0.609045833837223,1
US-Dia,GRA,37.6773,-121.5296,323,15.6,265,Csa,-8,3,-9999,NEE,0.241294099756691,1,0,0,0.471240115571776,1,0.471639294403893,1,0.472399635036496,1,0.666780717761557,1,0.736598996350365,1,0.731181569343066,1,0.731181569343066,1,0.666837743309002,1,0.736560979318735,1,0.736237834549878,1
US-Dix,MF,39.9712,-74.4346,48,11.07,1126.63,Cfa,-5,4,-9999,NEE,0.306140200775724,1,0.480920602327173,1,0.353696098562628,1,0.48066392881588,1,0.502352840520192,1,0.497304928131417,1,0.998830709559662,1,0.998844969199179,1,0.998844969199179,1,0.990103810175679,1,0,0,0.998844969199179,1
US-Dk1,GRA,35.9712,-79.0934,168,14.36,1169.75,Cfa,-5,8,negligible,FC+SC,0.521539185489391,1,1,1,0.521539185489391,1,0.755532740132329,1,0.756124515172256,1,0.751226328998403,1,0,0,0.803423739447867,1,0.956115959388547,1,0.75108373260324,1,0.873752281542323,1,0.536668663016199,1
US-Dk2,DBF,35.9736,-79.1004,168,14.36,1168.69,Cfa,-5,8,CO2,FC+SC,0.555591204654346,1,0.845625142596395,1,0.555591204654346,1,0.889245379876797,1,0.899811772758385,1,0.890207905544148,1,0,0,0.99381131644992,1,0.956115959388547,1,0.890186516084873,1,0.874736196668948,1,0.611460472279261,1
US-Dk3,ENF,35.9782,-79.0942,163,14.36,1169.69,Cfa,-5,8,CO2,FC+SC,0.533445984485512,1,0.813113164499201,1,0.533445984485512,1,0.799837440109514,1,0.814881359799224,1,0.801270533880904,1,0,0,0.972421857175451,1,0.956115959388547,1,0.801263404061145,1,0,0,0.6132429272188,1
US-DPW,WET,28.0521,-81.4361,23,22.6,1142,Cwa,-5,4,SC,FC+SC,0.703266374551869,1,0.820719285267171,1,0.703266374551869,1,0.834220110396631,1,0.862530586695499,1,0.868192681955272,1,0,0,0.867922380925283,1,0.836112217606556,1,0.868192681955272,1,0,0,0.64600523530416,1
US-Elm,WET,25.5519,-80.7826,0.77,-9999,-9999,-9999,-5,7,-9999,NEE,0.587260461478295,1,0.712651544779038,1,0.372246121757268,1,0.372246121757268,1,0.372246121757268,1,0.726820166862208,1,0.920365662886195,1,0.91934721679051,1,0.885461478294877,1,0.887522813192543,1,0.889298983183418,1,0.919656824403598,1
US-EML,OSH,63.8784,-149.2536,700,-1,378,ET,-9,10,negligible,FC+SC,0.422615859483277,1,1,1,0.422615859483277,1,0.536965152427072,1,0.565164574855193,1,0.601950271392522,1,0.753173608388597,1,0.855110075481908,1,0.606599559366769,1,0.750274705554298,1,0,0,0.490632402555452,1
US-Esm,WET,25.4379,-80.5946,1.07,-9999,-9999,-9999,-5,8,-9999,NEE,0.502538215833904,1,0.671600501939311,1,0.287117841660963,1,0.287117841660963,1,0.287117841660963,1,0.678651893680128,1,0.999992870180242,1,0.987472906684919,1,0.953035877253023,1,0.947346281086014,1,0.923140543007073,1,0.997490303445129,1
US-Fcr,OSH,65.3968,-148.9348,265,-2.4,-9999,Dwc,-9,4,-9999,NEE,0.286575975359343,0.777777777777778,0.407212525667351,0.791666666666667,0.300849874515172,0.821180555555556,0.39824321241159,1,0.485141455624002,1,0.51813826146475,1,0.675436344969199,1,0.679543121149897,1,0.675607460643395,1,0.517382500570386,1,0.644564225416381,1,0.675607460643395,1
US-Fmf,ENF,35.1426,-111.7273,2160,9.5,546,Csb,-7,6,-9999,NEE,0.407928267153507,1,0.768513235965313,1,0.767134489578579,1,0.762104442415944,1,0.806918454282672,1,0.820401643085349,1,0.874923931233835,1,0.826620264719306,1,0.862819488817891,1,0.82469952837365,1,0.825327095694508,1,0.816417541457478,1
US-FPe,GRA,48.3077,-105.1019,634,5.48,334.8,Bsk,-6,9,SC,FC+SC,0.510771492295215,1,0.999087591240876,1,0.510771492295215,1,0.658854166666667,1,0.759111415247364,1,0.706559205190592,1,0.89433799675588,1,0.901187398621249,1,0.901187398621249,1,0.90149153487429,1,0.653614152473642,1,0.901390156123277,1
US-FR2,WSA,29.9495,-97.9962,271.9,19.48,864,Cfa,-6,4,CO2,FC+SC,0.478524982888433,1,0.470425507643167,1,0.470425507643167,1,0.897929500342231,1,0.719626967830253,1,0.898200433493041,1,0.875983915126626,1,0.931211498973306,1,0.895277207392197,1,0.90872404745608,1,0.487950604608715,1,0.951417408167922,1
US-FR3,CSH,29.94,-97.99,232,19.59,869.23,Cfa,-6,9,-9999,NEE,0.455158911192214,1,0.72327402676399,1,0.70270047648013,1,0.731492041768045,1,0.773792325628548,1,0.775433394160584,1,0.845410077047851,1,0.787611516626115,1,0.732227037712895,1,0.775433394160584,1,0.813215987429035,1,0.492371248986212,1
US-Fuf,ENF,35.089,-111.762,2180,8.7,562,Csb,-7,6,-9999,NEE,0.707696257416705,1,0.779124828845276,1,0.778449718545565,1,0.754193290734824,1,0.795793397231097,1,0.803048455804047,1,0.804740985851209,1,0.824024418073939,1,0.8265251787616,1,0.818804198995892,1,0.811073710634413,1,0.801137228054161,1
US-Fwf,GRA,35.4454,-111.7718,2270,8.4,557,Csb,-7,6,-9999,NEE,0.552515974440895,1,0.820591815000761,1,0.819346188954815,1,0.807004031644607,1,0.855916248288453,1,0.857808458846797,1,0.898134413509813,1,0.888835006846189,1,0.885858816369999,1,0.856144454586947,1,0.804398676403469,1,0.891136087022668,1
US-GLE,ENF,41.3665,-106.2399,3197,0.80,1200,Dfc,-7,21,-9999,NEE,0.38076693101712,1,0.655161652400134,1,0.567443458375294,1,0.750750041960389,1,0.869917547834844,1,0.869933282980866,1,0.957856033903995,1,0.957871769050017,1,0.95770130496811,1,0.956416268042967,1,0.816108593487748,1,0.885909701242028,1
US-GMF,MF,41.9667,-73.2333,380,6.08,1258.79,Dfb,-5,6,CO2,FC+SC,0.330567594282238,1,0.741484184914842,1,0.330567594282238,1,0.752518628345499,1,0.74543795620438,1,0.729641879562044,1,0.756415374087591,1,0.786648418491484,1,0.786648418491484,1,0.678813108272506,1,0.133943506690998,0.791666666666667,0.674707268856448,1
US-Goo,GRA,34.2547,-89.8735,87,15.89,1425.77,Cfa,-6,5,negligible,FC+SC,0.523309145673604,1,1,1,0.523309145673604,1,0.626996622855057,1,0.729508944870391,1,0.576328039430449,1,0.800862541073384,1,0.800280668127054,1,0.800280668127054,1,0.800383351588171,1,0,0,0.502259036144578,1
US-Ha1,DBF,42.5378,-72.1715,340,6.62,1071,Dfb,-5,29,SC,FC+SC,0.651475654035937,1,0.703228284144865,1,0.651475654035937,1,0,0,0.724319585389318,1,0.725013965180151,1,0.668369642801726,1,0.0443743599292431,1,0.0443355677621575,1,0.747482388356143,1,0,0,0.0441299692766037,1
US-Ha2,ENF,42.5393,-72.1779,360,6.56,1071,Dfb,-5,16,CO2,FC+SC,0.39984785615491,1,0.83179806362379,1,0.39984785615491,1,0.618105117565699,1,0.803177731673582,1,0.8107918395574,1,0.389636929460581,1,0.940999308437068,1,0.897413554633472,1,0.855892116182573,1,0,0,0.352724757952974,1
US-HBK,DBF,43.9397,-71.7181,367,6,1400,Dfb,-5,4,CO2,FC+SC,0.21050284605094,1,0.479959604438266,1,0.21050284605094,1,0.282703354930095,1,0.316095270571571,1,0.59284421477848,1,0.650775122629384,1,0.650302966713008,1,0.650184927733914,1,0.59284421477848,1,0.812252446029956,1,0.650775122629384,1
US-Hn2,GRA,46.6889,-119.4641,117.5,12.8,197,Bsk,-8,4,SC,FC+SC,0.373673853524983,1,0.51639858544376,1,0.373673853524983,1,0.421472165183664,1,0.476642710472279,1,0.543449121606206,1,0.630219028062971,1,0.528904289299566,1,0.528904289299566,1,0.543449121606206,1,0.44987736710016,1,0.205652521104266,1
US-Ho1,ENF,45.2041,-68.7402,60,5.27,1070,Dfb,-5,22,-9999,NEE,0.465050771395611,1,0,0,0.61603133755055,1,0.627471064741453,1,0.747897519110581,1,0.821206090032073,1,0.831172749515105,1,0,0,0.495237250104585,1,0.903680133869148,1,0,0,0.48411444797992,1
US-Ho2,ENF,45.2091,-68.747,61,5.13,1064,Dfb,-5,11,-9999,NEE,0.323704786792766,1,0,0,1,1,0.540997801559648,1,0.639372822299652,1,0.761909946905592,1,0.8261106271777,1,1,1,0.94852331176373,1,0.9575918782147,1,0,0,0.261401816824291,1
US-Ho3,ENF,45.2072,-68.725,61,5.31,1072,Dfb,-5,7,-9999,NEE,0.209148090209881,1,0,0,0.774157541389649,1,0.236360969886586,1,0.290640073002216,1,0.465421718159301,1,0.809795007169861,1,1,1,0.946454178073263,1,0.972770825185765,1,0,0,0.410759679311693,1
US-IB1,CRO,41.8593,-88.2227,226.5,9.18,929.23,Dfa,-6,14,negligible,FC+SC,0.491068518156334,1,1,1,0.491068518156334,1,0.703757578720907,1,0.864316448269118,1,0.88279059912641,1,0.945685833496317,1,0.945306897450942,1,0.945188734598083,1,0.951035758524024,1,0.946435556424799,1,0.9494059260708,1
US-IB2,GRA,41.8406,-88.241,226.5,9.04,930.25,Dfa,-6,15,negligible,FC+SC,0.522133753117966,1,1,1,0.522133753117966,1,0.688096976333881,1,0.852934690028594,1,0.886711382855752,1,0.930712721299507,1,0.928446492668978,1,0.918001308024579,1,0.936070298716311,1,0.92859098375616,1,0.931834428423678,1
US-ICh,OSH,68.6068,-149.2958,940,-7.4,318,ET,-9,5,negligible,FC+SC,0.608148503103322,1,1,1,0.608148503103322,1,0.476987495436291,1,0.492937659729828,1,0.50589859437751,1,0.49333698430084,1,0.693569733479372,1,0.676067907995619,1,0.497843647316539,1,0.345347298284045,0.631944444444444,0.334907813070464,1
US-ICs,WET,68.6058,-149.311,920,-7.4,318,ET,-9,14,negligible,FC+SC,0.441318933804808,1,1,1,0.441318933804808,1,0.586794366748007,1,0.605990116958826,1,0.63100732876796,1,0.751208900440378,1,0.870343136256421,1,0.431195538373168,1,0.789734836294308,1,0.297200076587458,1,0.674055183708055,1
US-ICt,OSH,68.6063,-149.3041,930,-7.4,318,ET,-9,5,negligible,FC+SC,0.28557411464038,0.666666666666667,1,1,0.28557411464038,0.666666666666667,0.296720974808324,0.666666666666667,0.307206097115736,0.666666666666667,0.308381252281855,0.666666666666667,0.181133625410734,0.541666666666667,0.473233844468784,0.708333333333333,0.453609894121942,0.708333333333333,0.218578860898138,0.583333333333333,0.0794998174516247,0.416666666666667,0.311256389193136,0.708333333333333
US-Ivo,WET,68.4865,-155.7503,568,-8.28,304,ET,-9,14,-9999,NEE,0.202666699256942,1,0.0179857580497979,0.25,0.00749983704862469,0.208333333333333,0.316675628992309,1,0.319673934298006,1,0.400220799113545,1,0.5397234715161,1,0.537747686090471,1,0.469906954764698,1,0.499042660670056,1,0.174814235432147,1,0.539275355233998,1
US-Jo1,OSH,32.582,-106.635,1188,14.7,245.1,Bwk,-7,10,negligible,FC+SC,0.628842807838216,1,1,1,0.628842807838216,1,0.660743318406115,1,0.79232721982943,1,0.919090675718075,1,0.720379930973502,1,0.841512878290881,1,0.841512878290881,1,0,0,0.831272996948002,1,0.720385635642774,1
US-Jo2,OSH,32.5849,-106.6032,1469,17.5,282.3,Bwk,-7,10,SC,FC+SC,0.663015699160277,1,0.765185742971888,1,0.663015699160277,1,0.764478368017525,1,0.778123859072654,1,0.77818661007667,1,0.83852455275648,1,0.837201077035414,1,0.835649415845199,1,0.77818661007667,1,0.844776834611172,1,0.519932000730194,1
US-JRn,GRA,39.6789,-80.1646,384.048,13.2,1095.5,Cfa,-5,2,negligible,FC+SC,0.280259146341463,1,1,1,0.280259146341463,1,0.334933943089431,1,0.398805894308943,1,0.582139227642276,1,0.69984756097561,1,0.703099593495935,1,0.688719512195122,1,0.582139227642276,1,0,0,0,0
US-KFS,GRA,39.0561,-95.1907,310,12,1014,Cfa,-6,13,-9999,NEE,0.524718849686051,1,0.745216166526987,1,0.728191379665911,1,0.784548689574073,1,0.826522687283625,1,0.834157514381118,1,0.69565560786826,1,0.839550159497681,1,0.761117668481766,1,0.848216127036502,1,0.67344001614722,1,0.538426435808217,1
US-KL1,CRO,42.4847,-85.4422,288,9.9,1027,Dfa,-5,10,negligible,FC+SC,0.606551204819277,1,1,1,0.606551204819277,1,0.783731516976999,1,0.904247672508215,1,0.900516840087623,1,0,0,0,0,0,0,0.900168857247171,1,0.943170408908361,1,0,0
US-KL2,CRO,42.4767,-85.4467,288,9.9,1027,Dfa,-5,10,negligible,FC+SC,0.622307411464038,1,1,1,0.622307411464038,1,0.790023731288792,1,0.918155576852866,1,0.918554901423877,1,0,0,0,0,0,0,0.9193535505659,1,0.953164932457101,1,0,0
US-KL3,CRO,42.4736,-85.4474,288,9.9,1027,Dfa,-5,10,negligible,FC+SC,0.576419313618109,1,1,1,0.576419313618109,1,0.791683780576853,1,0.905171823658269,1,0.905411418400876,1,0,0,0,0,0,0,0.902804399415845,1,0.954887732749178,1,0,0
US-KLS,GRA,38.7745,-97.5684,373,12,812,Cfa,-6,6,-9999,NEE,0.432904053604524,1,0.584821555861807,1,0.482896925343345,1,0.637447132062919,1,0.695224065009742,1,0.739143658223637,1,0.610160148267832,1,0.728308701230813,1,0.698826212992444,1,0.740008553913415,1,0.672565698807204,1,0.624625766288077,1
US-KM1,GRA,42.4376,-85.3287,288,9.9,1027,Dfa,-5,10,negligible,FC+SC,0.551147772909821,1,1,1,0.551147772909821,1,0.700580732018985,1,0.856745162468054,1,0.864885679079956,1,0,0,0,0,0,0,0.854931087988317,1,0.959799424972618,1,0,0
US-KM2,GRA,42.4427,-85.3104,288,9.9,1027,Dfa,-5,10,negligible,FC+SC,0.577873995983936,1,1,1,0.577873995983936,1,0.738254152975539,1,0.897179627601314,1,0.896438024826579,1,0,0,0,0,0,0,0.889911920408908,1,0.965629563709383,1,0,0
US-KM3,GRA,42.444,-85.3097,288,9.9,1027,Dfa,-5,10,negligible,FC+SC,0.567714037970062,1,1,1,0.567714037970062,1,0.727763326031398,1,0.888480056589996,1,0.884515334063527,1,0,0,0,0,0,0,0.895245755750274,1,0.931721202993793,1,0,0
US-KM4,CRO,42.4423,-85.3301,288,9.9,1027,Dfa,-5,10,negligible,FC+SC,0.506566036874772,1,1,1,0.506566036874772,1,0.65440169769989,1,0.870875547645126,1,0.871366146403797,1,0.78120436290617,1,0,0,0,0,0.820657630522088,1,0.9405177528295,1,0,0
US-Kon,GRA,39.0824,-96.5603,417,12.77,867,Cfa,-6,16,-9999,NEE,0.529262667061185,1,0.528995297867107,1,0.491189293824485,1,0.7417213585207,1,0.734309884460859,1,0.760315994738174,1,0.817714813322829,1,0.769306729504369,1,0.760458591641683,1,0.781138707572965,1,0.649999465261612,1,0.830691131542079,1
US-KS2,CSH,28.6086,-80.6715,3,21.66,1294,Cwa,-5,8,-9999,NEE,0.306781884553958,1,0.386614476386037,1,0.477833390371891,1,0.60020961670089,1,0.567184291581109,1,0.680077857631759,1,0.798874914442163,1,0.806846052931782,1,0.641027834816336,1,0.678117157198266,1,0,0,0.384297284964636,1
US-KS4,WET,28.6,-80.7207,0.5,22.3,1340,Cwa,-5,2,SC,FC+SC,0.543667664385259,1,0.749871313366252,1,0.543667664385259,1,0.734447982002936,1,0.757192152975044,1,0.757573446704669,1,0.753226698186948,1,0.757954740434294,1,0.750843612376794,1,0.757954740434294,1,0,0,0.493127180523516,1
US-KUT,GRA,44.995,-93.1863,301,7.9,777,Dfa,-6,5,-9999,NEE,0.431247718145308,1,0.621383260313983,1,0.700609255202629,1,0.592243975903614,1,0.593784227820372,1,0.607281398320555,1,0.563538243884629,1,0.700609255202629,1,0.401937294633078,1,0.621383260313983,1,0.535642570281124,1,0.699114640379701,1
US-LA2,WET,29.8587,-90.2869,0,20.2,1655,Cfa,-6,2,negligible,FC+SC,0.318607366941789,1,1,1,0.318607366941789,1,0.423470498584803,1,0.502484017180294,1,0.604516754745363,1,0,0,0.604457375848623,1,0.582229875502246,1,0.604516754745363,1,0,0,0.666646873701087,1
US-LL1,SAV,31.2792,-84.5329,165,20,1310,Cfa,-5,9,SC,FC+SC,0.528822690540326,1,0.958339407383933,1,0.528822690540326,1,0.541226430042782,1,0.541226430042782,1,0.96410077642212,1,0,0,0.972498811598796,1,0.999588020915861,1,0.98963714149897,1,0.993034384408176,1,0,0
US-LL2,SAV,31.201,-84.4449,155,20,1310,Cfa,-5,9,SC,FC+SC,0.566331801616226,1,0.947596260497544,1,0.566331801616226,1,0.584661701790524,1,0.584661701790524,1,0.963238789415307,1,0,0,0.967282522579623,1,0.998288702265885,1,0.99444778957376,1,0.987158928854381,1,0,0
US-LL3,SAV,31.2688,-84.4787,159.5,20,1310,Cfa,-5,9,SC,FC+SC,0.5090857233402,1,0.94979559499287,1,0.5090857233402,1,0.495648867057519,1,0.495648867057519,1,0.968733956583743,1,0,0,0.980972904452543,1,0.998871811123435,1,0.992090001584535,1,0.99738234828078,1,0,0
US-Los,WET,46.0827,-89.9792,480,4.08,828,Dfb,-6,21,-9999,NEE,0.363778081953678,1,0,0,0.489878003737018,1,0.56427345413462,1,0.627590926867423,1,0.650260179029244,1,0.662720527527919,1,0.668293464563508,1,0,0,0.664235975318298,1,0,0,0.651699582844479,1
US-LPH,DBF,42.5419,-72.185,377.5,6.73,1071,Dfb,-5,4,-9999,NEE,0.217972849646361,1,0,0,0.622903832991102,1,0.356790440337668,1,0.366544033766826,1,0.64731633584303,1,0.121720282911248,0.5,0.766897672826831,1,0.124172940908054,0.5,0.646902806297057,1,0,0,0.763789071412275,1
US-LS1,GRA,31.5615,-110.1403,1230,17,288,Bwh,-7,6,negligible,FC+SC,0.405250696511263,1,1,1,0.405250696511263,1,0.713503285251077,1,0.764593456122168,1,0.794232030960282,1,0.790751851816635,1,0.811271596603497,1,0.795258969068244,1,0.8004887464699,1,0,0,0.811271596603497,1
US-LS2,SAV,31.5659,-110.1344,1240,17,288,Bwh,-7,6,negligible,FC+SC,0.449171317998992,1,1,1,0.449171317998992,1,0.699706181596889,1,0.746089552806489,1,0.784323979955689,1,0.787870719902631,1,0.794193996215543,1,0.794193996215543,1,0.785236813829433,1,0,0,0.441117460800441,1
US-MBP,WET,47.5051,-93.4893,416,3.4,780,-9999,-5,11,negligible,FC+SC,0.28043834536553,1,1,1,0.28043834536553,1,0.320279437391088,1,0.355810721101983,1,0.89535619450668,1,0,0,0.979778649074766,1,0.975712596465024,1,0.89535619450668,1,0,0,0.0875757198572732,1
US-Me2,ENF,44.4523,-121.5574,1253,6.28,523,Csb,-8,19,-9999,NEE,0.276515970220941,1,0,0,0.83953230067243,1,0.82623679154659,1,0.863112391930836,1,0.890637007684918,1,0.938076368876081,1,0.974312560038425,1,0.955580571565802,1,0.940078650336215,1,0.975876560999039,1,0.977638688760807,1
US-Me3,ENF,44.3154,-121.6078,1005,7.07,719,Csb,-8,6,-9999,NEE,0.362568430656934,1,0,0,0.956147354014598,1,0.70149977189781,1,0.716659063260341,1,0.815066149635037,1,0.790877813260341,1,0.822546000608273,1,0.804088731751825,1,0.815674422141119,1,0.952108044403893,1,0.380436435523114,1
US-Me4,ENF,44.4992,-121.6224,922,7.61,1038.82,Csb,-8,5,-9999,NEE,0.490455665024631,1,0.129219120598431,0.791666666666667,0.200328407224959,1,0.200328407224959,1,0.199210910417807,1,0.683052818828681,1,0.999942984856778,1,0.999942984856778,1,0.999942984856778,1,0.988277686553549,1,0.200317004196315,1,0.200328407224959,1
US-Me5,ENF,44.4372,-121.5668,1188,6.47,590.81,Csb,-8,4,-9999,NEE,0.417180013689254,1,0.475630276066621,1,0.475630276066621,1,0.750171115674196,1,0.750171115674196,1,0.611239447866758,1,0.750171115674196,1,0.750171115674196,1,0.750171115674196,1,0.750171115674196,1,0.750171115674196,1,0.750171115674196,1
US-Me6,ENF,44.3233,-121.6078,998,7.59,494,Csb,-8,10,-9999,NEE,0.489512932832708,1,0,0,0.0857269503546099,1,0.76953483521068,1,0.803671255736337,1,0.842282019190655,1,0.823336462244472,1,0.912072382144347,1,0.853973717146433,1,0.812562578222778,1,0.892047350855236,1,0.877847309136421,1
US-Men,WAT,43.0772,-89.403,260,7.94,875,Dfa,-6,7,negligible,FC+SC,0.224302568113675,1,1,1,0.224302568113675,1,0.249885934037283,1,0.273497588319645,1,0.640618889323426,1,0,0,0.932945509060096,1,0.928806544127232,1,0.835337635249642,1,0,0,0.937711836787902,1
US-MMS,DBF,39.3232,-86.4131,275,10.85,1032,Cfa,-5,21,CO2,FC+SC,0.47485578128919,1,0.862339060279241,1,0.47485578128919,1,0.904768623024831,1,0.890571440515007,1,0.868954309840314,1,0.686852060864476,1,0.972211771591004,1,0.683978137279492,1,0.932065671766575,1,0,0,0.971783295711061,1
US-MOz,DBF,38.7441,-92.2,219.4,12.11,986,Cfa,-6,14,-9999,NEE,0.402159920479729,1,0.86774459001434,1,0.728657443618824,1,0.692115597705645,1,0.782871366184331,1,0.932982173119541,1,0.898970147308043,1,0.938384011211055,1,0.938359568504758,1,0.958496284708643,1,0.896729565897536,1,0.721593501499153,1
US-Mpj,OSH,34.4385,-106.2377,2196,10.5,385,Bsk,-7,13,negligible,FC+SC,0.499434091387661,1,1,1,0.499434091387661,1,0.77958517582649,1,0.827656699656068,1,0.949287569312838,1,0.912775496595775,1,0.957126939004703,1,0.955104583421071,1,0.969502351372219,1,0,0,0.936188320348143,1
US-MRf,ENF,44.6465,-123.5515,263,10.24,1819.59,Csb,-8,6,-9999,NEE,0.308725087479081,1,0.879811349459912,1,0.370464399817435,1,0.584978320401643,1,0.642391221664385,1,0.719648562300319,1,0.851523277042446,1,0.914479689639434,1,0.836300015213753,1,0.877757492773467,1,0.880553019930017,1,0.910229347329986,1
US-MtB,ENF,32.416,-110.7256,2573,9.3,790,Dwb,-7,11,CO2,FC+SC,0.192136544685088,1,0.545950543523359,1,0.192136544685088,1,0.546308397643349,1,0.592860550991619,1,0.757976516471662,1,0.673616297402705,1,0.873278151190773,1,0.697457679860592,1,0.76077192764086,1,0.854560824827815,1,0.718545141482035,1
US-Myb,WET,38.0499,-121.765,-4,15.9,338,Csa,-8,11,negligible,FC+SC,0.476496391239423,1,1,1,0.476496391239423,1,0.748517089762734,1,0.880340550854488,1,0.898301393728223,1,0.850993446158951,1,0.904751534760246,1,0.902553094408495,1,0.898301393728223,1,0,0,0.868917994026879,1
US-NC1,OSH,35.8118,-76.7119,5,16.6,1320,Cfa,-5,8,-9999,NEE,0.337090748345882,1,0.800365046771618,1,0.144977754962355,1,0.29246520647958,1,0.802582420716404,1,0.873139117043121,1,0.959395676477299,1,0.947659993155373,1,0.93684405658225,1,0.903512149212868,1,0.94705395847593,1,0.960928587725302,1
US-NC2,ENF,35.803,-76.6685,5,16.6,1320,Cfa,-5,15,-9999,NEE,0.360472191797493,1,0,0,0.270917001338688,1,0.406105482536205,1,0.782413745892662,1,0.831507849580139,1,0.915936473165389,1,0.899567968845077,1,0.859586071558963,1,0.849530698551783,1,0.933856638675916,1,0.856574023366192,1
US-NC3,ENF,35.799,-76.656,5,16.6,1320,Cfa,-5,7,-9999,NEE,0.449921752738654,1,0.788259650495566,1,0.553860198226395,1,0.675762910798122,1,0.767939814814815,1,0.824074074074074,1,0.896420187793427,1,0.925453182055295,1,0.874951095461659,1,0.818531559728743,1,0.899321857068336,1,0.793573943661972,1
US-NC4,WET,35.7879,-75.9038,1,16.6,1311,Cfa,-5,11,-9999,NEE,0.353622106049291,1,0.770610322794789,1,0.44017094017094,1,0.606868724587171,1,0.728191643846984,1,0.790349348601776,1,0.895968176914779,1,0.884719110447266,1,0.862480292091943,1,0.799679487179487,1,0.880440419882167,1,0.285609078084806,1
US-Ne1,CRO,41.1651,-96.4766,361,10.07,790.37,Dfa,-6,20,-9999,NEE,0.70938854665754,1,0,0,0.943292265571526,1,0.881285649098791,1,0.953245493953913,1,0.91114533424595,1,0.953696098562628,1,0.977401323294547,1,0.976614191193247,1,0.980287474332649,1,0,0,0.960917180013689,1
US-Ne2,CRO,41.1649,-96.4701,362,10.08,788.89,Dfa,-6,20,-9999,NEE,0.688392653433721,1,0,0,0.911071184120465,1,0.88737736710016,1,0.951796714579055,1,0.924840292037417,1,0.947826830937714,1,0.975176819530002,1,0.973904859685147,1,0.978507871321013,1,0,0,0.957517681953,1
US-Ne3,CRO,41.1797,-96.4397,363,10.11,783.68,Dfa,-6,20,-9999,NEE,0.67324321241159,1,0,0,0.898408624229979,1,0.850045630846452,1,0.915582934063427,1,0.876397444672599,1,0.941318731462469,1,0.973893451973534,1,0.973300250969655,1,0.977686516084873,1,0,0,0.962816563997262,1
US-NGB,SNO,71.28,-156.6092,5.273,-11.27,171,ET,-9,8,negligible,FC+SC,0.249572210814511,0.625,1,1,0.249572210814511,0.625,0.266598220396988,0.625,0.334666609628109,0.625,0.382300935432352,0.625,0.607966860597764,1,0.604622975131189,1,0.324135865845311,0.625,0.38230806525211,0.625,0,0,0.605528462240475,1
US-NGC,GRA,64.8614,-163.7008,35,-9999,-9999,ET,-9,3,negligible,FC+SC,0.245795281582953,0.732638888888889,1,1,0.245795281582953,0.732638888888889,0.297298325722983,0.791666666666667,0.365981735159817,1,0.42355403348554,1,0.400114155251142,1,0.486681887366819,1,0.357229832572298,0.800347222222222,0.42355403348554,1,0.458333333333333,1,0.486643835616438,1
US-NMj,ENF,46.6465,-88.5194,394,4.73,854.01,Dfb,-5,3,-9999,FC+SC,0,0,0,0,0,0,0.388641552511416,0.625,0.466628614916286,0.625,0.467142313546423,0.625,0,0,0.392579908675799,0.708333333333333,0.383504566210046,0.708333333333333,0.30074200913242,0.625,0,0,0,0
US-NR1,ENF,40.0329,-105.5464,3050,1.5,800,Dfc,-7,22,SC,FC+SC,0.493050484767352,1,0.602696138087704,1,0.493050484767352,1,0.668357774532473,1,0.913791529755385,1,0.910738915256988,1,0.936566974970589,1,0.952884771408868,1,0.928765567319784,1,0.939824956391221,1,0,0,0.82163756034238,1
US-Oho,DBF,41.5545,-83.8438,230,10.1,849,Dfa,-5,10,-9999,NEE,0.413490053837029,1,0.584941600510996,1,0.579204306962314,1,0.588437585546126,1,0.723092891687198,1,0.732702573227484,1,0.92658431426225,1,0.926567205036956,1,0.918063920065699,1,0.732702573227484,1,0.949413723879916,1,0.898576512455516,1
US-ONA,GRA,27.3836,-81.9509,25,22.3,1268,Cfa,-5,5,SC,FC+SC,0.432302303558593,1,0.571268839777745,1,0.432302303558593,1,0.575090989993953,1,0.624619211153833,1,0.624676258171985,1,0.709767590448047,1,0.624676258171985,1,0.620899745570299,1,0.719465583533949,1,0.700993759056214,1,0.711912558330576,1
US-ORv,WET,40.0201,-83.0183,221,11.63,1499.1,Cfa,-5,5,-9999,NEE,0.496889671361502,1,0.749970657276995,1,0.770099765258216,1,0.494698748043818,1,0.500733568075117,1,0.855095852895149,1,0,0,0.943114241001565,1,0.900283646322379,1,0.854303599374022,1,0,0,0.787402190923318,1
US-PHM,WET,42.7423,-70.8301,1.4,7.2,1262,Dfa,-5,7,negligible,FC+SC,0.483674034950443,1,1,1,0.483674034950443,1,0.863238458528952,1,0.896786971830986,1,0.897276017214398,1,0.760824204486176,1,1,1,0.85348200312989,1,0.897276017214398,1,0,0,0.868080007824726,1
US-Pnp,WAT,43.0896,-89.4158,260,7.94,875,Dfa,-6,5,negligible,FC+SC,0.10852262360883,1,1,1,0.10852262360883,1,0.198082010582011,1,0.205106276226966,1,0.554586298120781,1,0,0,0,0,0,0,0.59004971720489,1,0,0,0.999521072796935,1
US-Pon,CRO,36.7667,-97.1333,310,14.94,866.34,Cfa,-6,4,SC,FC+SC,0.317918663016199,1,0.955852156057495,1,0.317918663016199,1,0.501269107916952,1,0.551448779374857,1,0.655701003878622,1,0.613406913073237,1,0.505703855806525,1,0.646674652064796,1,0.6095282911248,1,0.0074435318275154,0.0329861111111111,0.626454483230664,1
US-Prr,ENF,65.1237,-147.4876,210,-2,275,Dwc,-9,7,SC,FC+SC,0.335810194238039,1,0.594194042497719,1,0.335810194238039,1,0.594194042497719,1,0.626482857515317,1,0.62627916829618,1,0,0,0.855388801981489,1,0.854468126710989,1,0.854297027766914,1,0.681438208838483,1,0.857319775778908,1
US-RC1,CRO,46.7837,-117.0777,807,9,550,Dsb,-8,5,SC,FC+SC,0.397744069999306,1,0.686620172418924,1,0.397744069999306,1,0.688911816351028,1,0.68888205474152,1,0.696768881261099,1,0.850090772908999,1,0.696768881261099,1,0.696530788385036,1,0.696768881261099,1,0,0,0.797720260711699,1
US-RC2,CRO,46.7776,-117.0807,799,9,550,Dsb,-8,4,SC,FC+SC,0.479755043227666,1,0.678830451488953,1,0.479755043227666,1,0.685254562920269,1,0.684714217098943,1,0.689085014409222,1,0.892014889529299,1,0.689085014409222,1,0.688628722382325,1,0.689085014409222,1,0,0,0.897034101825168,1
US-RC3,CRO,46.991,-118.598,-9999,10,280,Dsb,-8,5,SC,FC+SC,0.459871031746032,1,0.625426587301587,1,0.459871031746032,1,0.629027777777778,1,0.631160714285714,1,0.633690476190476,1,0.773561507936508,1,0.633690476190476,1,0.631517857142857,1,0.633690476190476,1,0,0,0.797351190476191,1
US-RC4,CRO,46.758,-116.949,817,9,680,Dsb,-8,4,SC,FC+SC,0.494704610951009,1,0.613064361191162,1,0.494704610951009,1,0.615718059558117,1,0.615646013448607,1,0.626008645533141,1,0.812247838616715,1,0.626008645533141,1,0.625840537944284,1,0.626008645533141,1,0,0,0.889000960614794,1
US-RC5,CRO,47.01,-119.248,349,11,230,Dsb,-8,2,SC,FC+SC,0.474742439348621,1,0.590623961448986,1,0.474742439348621,1,0.596855267530741,1,0.671215520106348,1,0.673209538052509,1,0.772287304752409,1,0.673209538052509,1,0.597789963443004,1,0.673209538052509,1,0,0,0.830757726819541,1
US-Rls,CSH,43.1439,-116.7356,1608,8.4,333,Bsh,-7,4,-9999,NEE,0.486699826989619,1,0.718918204536717,1,0.688605344098424,1,0.710219627066513,1,0.733612072279892,1,0.742611014994233,1,0.8212346212995,1,0.821210592079969,1,0.821210592079969,1,0.817954632833526,1,0,0,0.8212346212995,1
US-Rms,CSH,43.0645,-116.7486,2111,5.4,800,Bsh,-7,4,-9999,NEE,0.432586024605921,1,0.684964917339485,1,0.644679930795848,1,0.670739619377163,1,0.725129757785467,1,0.741457612456747,1,0.778042099192618,1,0.778666858900423,1,0.778666858900423,1,0.76757737408689,1,0.772082852748943,1,0.778390522875817,1
US-Ro1,CRO,44.7143,-93.0898,290,6.4,879,Dfa,-6,13,-9999,NEE,0.445102477714607,1,0.683376324840317,1,0.721695795606093,1,0.750140380430968,1,0.77919474275286,1,0.916166561381343,1,0.925164069628694,1,0.972445953534077,1,0.930178283147329,1,0.982869200533446,1,0.0756431178493718,1,0.990296202709342,1
US-Ro2,CRO,44.7288,-93.0888,292,6.4,879,Dfa,-6,9,-9999,NEE,0.359241940389294,1,0.398798661800487,1,0.4184724756691,1,0.433223083941606,1,0.449741484184915,1,0.538631640308191,1,0.178299878345499,1,0.183520884022709,1,0.183520884022709,1,0.183406832927818,1,0,0,0.183508211678832,1
US-Ro3,CRO,44.7217,-93.0893,260,6.4,879,Dfa,-6,4,negligible,FC+SC,0.503764544832307,1,1,1,0.503764544832307,1,0.742642026009583,1,0.791210358202145,1,0.847379078256902,1,0.999985740360484,1,0.899997148072097,1,0.599760438056126,1,0.914969769564225,1,0,0,0.999957221081451,1
US-Ro4,GRA,44.6781,-93.0723,274,6.4,879,Dfa,-6,7,-9999,NEE,0.488593403728327,1,0.612395711119802,1,0.653019488984487,1,0.701106439838352,1,0.711111654282362,1,0.84846336853083,1,0.886406596271673,1,0.92918947985921,1,0.826856016164776,1,0.816337504888541,1,0.477985269195672,1,0.952279689740581,1
US-Ro5,CRO,44.691,-93.0576,283,6.4,879,Dfa,-6,4,-9999,NEE,0.53144250513347,1,0.794504334930413,1,0.827130390143737,1,0.851400296600502,1,0.875413529545973,1,0.973862080766598,1,0.983259183207849,1,0.991458475929728,1,0.988991558293406,1,0.987052247319188,1,0.828855806525211,1,0.990503080082136,1
US-Ro6,CRO,44.6946,-93.0578,282,6.4,879,Dfa,-6,4,-9999,NEE,0.395733515856719,1,0.733287702486881,1,0.765157996805841,1,0.795616586812685,1,0.814082819986311,1,0.924980036504677,1,0.989490645676477,1,0.997404745608031,1,0.997390485968515,1,0.989305270362765,1,0.8172199406799,1,0.997404745608031,1
US-Rpf,DBF,65.1198,-147.429,497,-0.8,450,Dwc,-9,13,-9999,NEE,0.287713247683235,1,0.616360397360292,1,0.519543316484134,1,0.545514778152204,1,0.731803741926425,1,0.750539700926706,1,0.753176776186465,1,0.918119032575119,1,0.918119032575119,1,0.743431444818871,1,0.92568800898624,1,0.859151221566976,1
US-Rwe,CSH,43.0653,-116.7591,2098,5.4,800,Bsh,-7,4,SC,FC+SC,0.3729815455594,1,0.78847078046905,1,0.3729815455594,1,0.535238850442138,1,0.557501922337562,1,0.809916858900423,1,0.397995963091119,1,0.932381776239908,1,0.932345732410611,1,0.809916858900423,1,0,0,0.927155420991926,1
US-Rwf,CSH,43.1207,-116.7231,1878,6.5,505,Bsh,-7,4,-9999,NEE,0.458525567089581,1,0.82351739715494,1,0.764705882352941,1,0.796136101499423,1,0.832636485966936,1,0.842464436755094,1,0.826977604767397,1,0.832876778162245,1,0.832876778162245,1,0.875348423683199,1,0.769800076893502,1,0.826977604767397,1
US-Rws,OSH,43.1675,-116.7132,1425,8.9,290,Bsk,-7,4,-9999,NEE,0.69851739715494,1,0.754841887735486,1,0.712250096116878,1,0.755094194540561,1,0.789564109957709,1,0.803873510188389,1,0.81225970780469,1,0.794466070742022,1,0.794454056132257,1,0.812271722414456,1,0,0,0.81225970780469,1
US-SCd,BSV,33.6518,-116.3721,275,-9999,-9999,-9999,-8,8,negligible,FC+SC,0.48125,1,1,1,0.48125,1,0.839244994438265,1,0.889752502780868,1,0.906312569521691,1,0.854463292547275,1,0.919299221357063,1,0.896106785317019,1,0.906500278086763,1,0.573998887652948,1,0.726133203559511,1
US-SCg,GRA,33.7365,-117.6946,465,-9999,-9999,-9999,-8,10,negligible,FC+SC,0.554320221829884,1,1,1,0.554320221829884,1,0.794505150758431,1,0.919655591078028,1,0.927571270272993,1,0.924973358146045,1,0.938392369560953,1,0.938137880209742,1,0.932083154395508,1,0.685477671210362,1,0.973904237777884,1
US-SCs,OSH,33.7343,-117.6959,470,-9999,-9999,-9999,-8,10,negligible,FC+SC,0.546452259388271,1,1,1,0.546452259388271,1,0.856775513882924,1,0.930216899153293,1,0.935354402930869,1,0.696107903484914,1,0.749752137975643,1,0.733523139974445,1,0.937411525186493,1,0.786653093901269,1,0.971820606214842,1
US-SCw,OSH,33.6047,-116.4527,1281,-9999,-9999,-9999,-8,10,negligible,FC+SC,0.482665380067971,1,1,1,0.482665380067971,1,0.840894751631665,1,0.934584939372571,1,0.939293042293397,1,0.880584907561065,1,0.94263855236439,1,0.860151316731262,1,0.939605855437912,1,0.682123524078659,1,0.963310729490857,1
US-SdH,GRA,42.0693,-101.4072,1081,-9999,-9999,Dsb,-6,6,-9999,NEE,0.484289461678832,1,0.999990495742092,1,0.591811131386861,1,0.604185675182482,1,0.604746426399027,1,0.563336374695864,1,0.919384884428224,1,0.932367700729927,1,0.932301170924574,1,0.608310523114355,1,0.932405717761557,1,0.93239621350365,1
US-Seg,GRA,34.3623,-106.702,1596,13.667,273.304,Bsk,-7,14,negligible,FC+SC,0.552205546864815,1,1,1,0.552205546864815,1,0.867500162951375,1,0.916568895841481,1,0.954304360578803,1,0.94004204145483,1,0.950658323556251,1,0.943211445704602,1,0.970827630035197,1,0,0,0.937703689219137,1
US-Ses,OSH,34.3349,-106.7442,1604,13.722,275.082,Bsk,-7,14,negligible,FC+SC,0.468411875896233,1,1,1,0.468411875896233,1,0.880597379741885,1,0.933352887498371,1,0.960639095293964,1,0.955225035849303,1,0.963930713075218,1,0.957025648546474,1,0.973202646330335,1,0,0,0.947334115499935,1
US-SFP,CRO,43.2408,-96.902,386,-9999,-9999,-9999,-6,3,negligible,FC+SC,0.321776155717762,1,1,1,0.321776155717762,1,0.43200653892944,1,0.43742396593674,1,0.399863138686131,1,0.570692670316302,1,0.571491027980535,1,0.571491027980535,1,0.572707572992701,1,0.570597627737226,1,0.570673661800487,1
US-Shd,GRA,36.9333,-96.6833,346,14.32,897.91,Cfa,-6,4,SC,FC+SC,0.329026922199407,1,0.956536618754278,1,0.329026922199407,1,0.523628222678531,1,0.549552247319188,1,0.63857517681953,1,0.623745151722565,1,0.617328313940224,1,0.635623431439653,1,0.61718571754506,1,0.00966803559206023,0.0416666666666667,0.628493611681497,1
US-Skr,EBF,25.3629,-81.0776,0,23.77,1259,Cwa,-5,8,-9999,NEE,0.483772530230436,1,0.657811430527036,1,0.449093086926762,1,0.644756730549852,1,0.662481462468629,1,0.662673967602099,1,0.70215890942277,1,0.816563997262149,1,0.665853867214237,1,0.518915411818389,1,0,0,0.816471309605293,1
US-Slt,DBF,39.9138,-74.596,30,11.04,1138,Dfa,5,10,-9999,NEE,0.471368428258489,1,0.703490096750639,1,0.532807365826944,1,0.701151195691858,1,0.740159501642935,1,0.761540480102227,1,0.999520810514786,1,0.99954933369843,1,0.999515105878058,1,0.99954933369843,1,0.598941219423147,1,0.997952035414385,1
US-Snd,GRA,38.0366,-121.754,-5,15.6,358,Csa,-8,8,-9999,NEE,0.430527036276523,1,0.967830253251198,1,0.597721309605293,1,0.60512206251426,1,0.65764031485284,1,0.889801505817933,1,0.946854323522701,1,0.967830253251198,1,0.967509411362081,1,0.82197553045859,1,0.84839151266256,1,0.94577772073922,1
US-Sne,GRA,38.0369,-121.7547,-5,16.09,311,Csa,-8,5,negligible,FC+SC,0.482943136181088,1,1,1,0.482943136181088,1,0.636637458926616,1,0.709884994523549,1,0.917853231106243,1,0.904219149324571,1,0.86473165388828,1,0.863590726542534,1,0.917864640379701,1,0,0,0.914943866374589,1
US-Snf,GRA,38.0402,-121.7272,-4,-9999,-9999,Csa,-8,2,negligible,FC+SC,0.279596920289855,0.852430555555556,1,1,0.279596920289855,0.852430555555556,0.631295289855072,1,0.769927536231884,1,0.774682971014493,1,0.690670289855073,1,0.722192028985507,1,0.705344202898551,1,0.774682971014493,1,0.778577898550725,1,0.749275362318841,1
US-SO2,CSH,33.3738,-116.6228,1394,13.63,553,Csa,-8,10,negligible,FC+SC,0.425873950346842,1,1,1,0.425873950346842,1,0.693233159912377,1,0.698863636363636,1,0.685760085797736,1,0.845934875867105,1,0.830406854691493,1,0.768950803212851,1,0.699474032493611,1,0.297588079591092,1,0.098730147864184,1
US-SO3,CSH,33.3771,-116.6226,1429,13.29,576,Csa,-8,10,SC,FC+SC,0.522824251551661,1,0.98302300109529,1,0.522824251551661,1,0.696490507484483,1,0.69668446513326,1,0.661264375684556,1,0.854925383351588,1,0.638029390288426,1,0.637943820737495,1,0.719599990872581,1,0.29980147864184,1,0.0999452354874042,1
US-SO4,CSH,33.3845,-116.6406,1429,-9999,-9999,Csa,-8,3,SC,FC+SC,0.425999847931873,1,0.996350364963504,1,0.425999847931873,1,0.747034671532847,1,0.747034671532847,1,0.747034671532847,1,0.930447840632603,1,0.982512165450122,1,0.959511861313869,1,0.74775699513382,1,0.964168947688564,1,0.889294403892944,1
US-SP1,ENF,29.7381,-82.2188,50,20.06,1309.77,Cfa,-5,12,-9999,NEE,0.42485169974903,1,0.619300897406647,1,0.353748383907522,1,0.415254962354552,1,0.420930298882044,1,0.659532093695338,1,0.898552171267777,1,0.896988364134155,1,0.882852308160316,1,0.611510381017568,1,0,0,0.863753897634801,1
US-SP2,ENF,29.7648,-82.2448,50,20.07,1314.41,Cfa,-5,10,-9999,NEE,0.287879824801533,1,0.511332010219911,1,0.24557441372388,1,0.682526918514463,1,0.688669130395109,1,0.528623733917328,1,0.999925860023725,1,0.999697737019801,1,0.982674057851994,1,0.960979560178848,1,0,0,0.999144538735286,1
US-SP3,ENF,29.7548,-82.1633,50,20.25,1312.35,Cfa,-5,12,-9999,NEE,0.355602137044642,1,0.645975929728496,1,0.342659137577002,1,0.700932580424367,1,0.703551600882196,1,0.695418853144726,1,0.999947714655107,1,0.999681534717469,1,0.993521370446422,1,0.822928549699597,1,0,0,0.9990968894973,1
US-SRC,OSH,31.9083,-110.8395,950,22,330,Bwh,-7,7,negligible,FC+SC,0.46573132577239,1,1,1,0.46573132577239,1,0.64382088384826,1,0.643853474123322,1,0.789589036631469,1,0.781677747360188,1,0.792799178725068,1,0.599824012514666,1,0.789589036631469,1,0.837879676704471,1,0.776096662755834,1
US-SRG,GRA,31.7894,-110.8277,1291,17,420,Bsk,-7,13,negligible,FC+SC,0.76597163425473,1,1,1,0.76597163425473,1,0.90381266149304,1,0.943887063447846,1,0.965312720716294,1,0.96021952086194,1,0.976670424784274,1,0.97517448925427,1,0.965115309869226,1,0.964545011866585,1,0.960355515001031,1
US-SRM,WSA,31.8214,-110.8661,1120,17.92,380,Bsk,-7,18,CO2,FC+SC,0.51793890348195,1,0.884296211331468,1,0.51793890348195,1,0.865690322212681,1,0.907040263118704,1,0.933085973022728,1,0.922189233806191,1,0.933516899609948,1,0.933516899609948,1,0.932547314788703,1,0.858355064496402,1,0.900082066166243,1
US-Srr,WET,38.2006,-122.0264,8,15.1,326,Csa,-8,3,negligible,FC+SC,0.354303428154632,0.789930555555556,1,1,0.354303428154632,0.789930555555556,0.576692803306589,1,0.589274860199368,1,0.93701373693168,1,0.931300145878921,1,0.931269754437151,1,0.931269754437151,1,0.93707451981522,1,0,0,0.931300145878921,1
US-SRS,WSA,31.8173,-110.8508,1169,19.4,388,Bsk,-7,8,SC,FC+SC,0.641427104722793,1,0.773029317818846,1,0.641427104722793,1,0.779553102897559,1,0.78624087383071,1,0.788992984257358,1,0.898656741957563,1,0.951039527720739,1,0.945984485512206,1,0.788992984257358,1,0.84722935204198,1,0.904346338124572,1
US-Sta,OSH,41.3966,-106.8024,2069,5.1,-9999,Bsh,-7,4,negligible,FC+SC,0.344360067963522,1,1,1,0.344360067963522,1,0.484575285781985,1,0.486320607510663,1,0.491209820035369,1,0,0,0.72555682698198,1,0.711652045262781,1,0.724643711640487,1,0.407330351260446,1,0.725129165366344,1
US-StJ,WET,39.0882,-75.4372,6.7,13.5,1121,Cfa,-5,4,-9999,NEE,0.470389436308412,1,0.573930155289689,1,0.575541517532477,1,0.573530879689706,1,0.577024541189556,1,0.569324226047029,1,0.51035977583527,1,0.739287293054031,1,0.576240249832447,1,0.582585879903603,1,0,0,0.727765340025953,1
US-SuS,CRO,20.7847,-156.4039,203,24.4,334,Aw,-10,4,-9999,NEE,0.292493725758613,1,0.417436687200548,1,0.315765457449236,1,0.347079625827059,1,0.348020762035136,1,0.497390485968515,1,0.493440565822496,1,0.498944786675793,1,0.492157198266028,1,0.497404745608031,1,0,0,0,0
US-SuW,CRO,20.8246,-156.4913,44,24.4,366,Aw,-10,3,-9999,NEE,0.374163625304136,1,0.562918187347932,1,0.514731599756691,1,0.527980535279805,1,0.529482208029197,1,0.579189476885645,1,0.558679288321168,1,0.57928451946472,1,0.576072080291971,1,0.57920848540146,1,0,0,0,0
US-Syv,MF,46.242,-89.3477,540,3.81,826,Dfb,-6,20,-9999,NEE,0.265754049737623,1,0,0,0.384009240246407,1,0.393332192562172,1,0.509402806297057,1,0.572333447410449,1,0.677643737166324,1,0.6814681724846,1,0.379095368469085,1,0.629936687200548,1,0.664887063655031,1,0.379471822952316,1
US-Ton,WSA,38.4309,-120.966,177,15.8,559,Csa,-8,19,SC,FC+SC,0.467665807440435,1,0.377487692164786,1,0.377487692164786,1,0.713973456876132,1,0.889136593748549,1,0.899885630021829,1,0.884622753239515,1,0.976815405694116,1,0.975035994612419,1,0.899598253680739,1,0.974362547025219,1,0.983991105847383,1
US-Tw1,WET,38.1074,-121.6469,-5,15.5,421,Csa,-8,10,negligible,FC+SC,0.245032621589561,1,1,1,0.245032621589561,1,0.435880326672142,1,0.459895975910211,1,0.939610137786294,1,0.9455755543389,1,0.945301806734191,1,0.945301806734191,1,0.939610137786294,1,0,0,0.945450086686741,1
US-Tw3,CRO,38.1152,-121.6469,-4,15.6,421,Csa,-8,5,negligible,FC+SC,0.301194682820125,1,1,1,0.301194682820125,1,0.778363200403836,1,0.890469880531718,1,0.893782601379774,1,0.798281591788659,1,0.882287985865724,1,0.866891721352852,1,0.893782601379774,1,0.850906528689214,1,0.847267794043412,1
US-Tw4,WET,38.1027,-121.6413,-5,15.6,421,Csa,-8,8,negligible,FC+SC,0.409016370066165,1,1,1,0.409016370066165,1,0.681988649326945,1,0.834752167465207,1,0.856826089436459,1,0.860619153547798,1,0.863014772986539,1,0.855293178188455,1,0.856826089436459,1,0,0,0.863371263974447,1
US-Tw5,WET,38.1072,-121.6426,-5,15.5,421,Csa,-8,2,negligible,FC+SC,0.31963658322354,0.678819444444444,1,1,0.31963658322354,0.678819444444444,0.40590689503733,1,0.45731774264383,1,0.829874835309618,1,0.785682916117699,1,0.810331576635924,1,0.810331576635924,1,0.829874835309618,1,0,0,0.806626043039086,1
US-Twt,CRO,38.1087,-121.6531,-7,15.6,421,Csa,-8,8,negligible,FC+SC,0.386397546419098,1,1,1,0.386397546419098,1,0.644500165782493,1,0.695733863837312,1,0.937465461980548,1,0.790851569407604,1,0.964722866931919,1,0.893899204244032,1,0.937465461980548,1,0,0,0.927580680813439,1
US-Uaf,ENF,64.8663,-147.8555,155,-2.9,263,Dwc,-9,18,CO2,FC+SC,0.330297845373891,1,0.568662864385298,1,0.330297845373891,1,0.454781368821293,1,0.574020912547529,1,0.557376425855513,1,0,0,0.983003802281369,1,0.981299112801014,1,0.977747148288973,1,0.805776299112801,1,0.973647021546261,1
US-UMB,DBF,45.5598,-84.7138,234,5.83,803,Dfb,-5,13,-9999,NEE,0.460158422725467,1,0.483743874983446,1,0.731041418355185,1,0.931457753939876,1,0.787991656734207,1,0.942942159978811,1,0.948599523241955,1,0.966324824526553,1,0.878248741888492,1,0.943004237849291,1,0.818997483776983,1,0.941336412395709,1
US-UMd,DBF,45.5625,-84.6975,239,5.83,803,Dfb,-5,13,-9999,NEE,0.442354489471593,1,0.395307740696596,1,0.747715534366309,1,0.902041120381406,1,0.868039001456761,1,0.913571050192028,1,0.910827208316779,1,0.937769004105417,1,0.917034995364852,1,0.913575188716726,1,0.819204410011919,1,0.876775427095749,1
US-Var,GRA,38.4133,-120.9508,129,15.8,559,Csa,-8,20,negligible,FC+SC,0.549844778823633,1,1,1,0.549844778823633,1,0.691546245967564,1,0.875088382164479,1,0.908085310884264,1,0.731848512970083,1,0.947169561182553,1,0.923143422157409,1,0.908019024260904,1,0.894408170931106,1,0.959628684431482,1
US-Vcm,ENF,35.8884,-106.5321,3030,6.4,646,Dfb,-7,14,CO2,FC+SC,0.348434852040151,1,0.794188339199583,1,0.348434852040151,1,0.643380915134924,1,0.712855233998175,1,0.858065278320949,1,0.711743090861687,1,0.862151284056837,1,0.851131697301525,1,0.895030797809934,1,0,0,0.764816353800026,1
US-Vcp,ENF,35.8642,-106.5967,2500,9.8,550,Dfb,-7,14,CO2,FC+SC,0.392113968191892,1,0.53328689219137,1,0.392113968191892,1,0.484014470082128,1,0.540693032199192,1,0.879868172337375,1,0.68965503193847,1,0.89374755572937,1,0.867300547516621,1,0.919717931169339,1,0,0,0.824920968582975,1
US-Vcs,ENF,35.9193,-106.6142,2752,4.6,550.93,Dfb,-7,5,CO2,FC+SC,0.506990056559022,1,0.862399653347929,1,0.506990056559022,1,0.818509396095603,1,0.857040229885057,1,0.902983032293377,1,0.952050264550265,1,0.907874931581828,1,0.863072432037949,1,0.927225871191388,1,0,0,0.95040822842547,1
US-WBW,DBF,35.9588,-84.2874,283,13.71,1372.05,Cfa,-5,13,-9999,NEE,0.411756704577366,1,0.338203805110924,1,0.2255949873631,1,0.683871279135074,1,0.68822398904802,1,0.685319257231115,1,0.85603148694187,1,0.868602569502949,1,0.784106465880371,1,0.847712194608256,1,0.452769587194608,1,0.864399045212019,1
US-WCr,DBF,45.8059,-90.0799,520,4.02,787,Dfb,-6,23,-9999,NEE,0.316284271713685,1,0,0,0.525971610522557,1,0.498725350156727,1,0.547464587549101,1,0.63052513589652,1,0.696668055390231,1,0.69478831885093,1,0.727053822957584,1,0.65815329524263,1,0.669382117208269,1,0.619998115303734,1
US-Wdn,OSH,40.7838,-106.2618,2469,3.3,-9999,Bsh,-7,3,-9999,NEE,0.368461070559611,1,0.844491332116788,1,0.480687347931873,1,0.492035431873479,1,0.491541210462287,1,0.495019768856448,1,0.562252889294404,1,0.597532694647202,1,0.58268704379562,1,0.577117548661801,1,0.597532694647202,1,0.560827250608273,1
US-Whs,OSH,31.7438,-110.0522,1370,17.6,320,Bsk,-7,14,negligible,FC+SC,0.678226755910067,1,1,1,0.678226755910067,1,0.884210354787327,1,0.921086401244954,1,0.955819628387875,1,0.950303701862949,1,0.851175902652452,1,0.851171828851473,1,0.955607790736991,1,0,0,0.956279967898448,1
US-Wi3,DBF,46.6347,-91.0987,411,-9999,-9999,Dfb,-6,3,-9999,NEE,0.333580444038929,0.708333333333333,0.41638153892944,0.75,0.360838655717762,0.708333333333333,0.38957953163017,0.708333333333333,0.391347323600973,0.708333333333333,0.394236618004866,0.708333333333333,0.466925182481752,0.75,0.466925182481752,0.75,0.466925182481752,0.75,0.456774635036496,0.75,0,0,0.349224452554745,0.666666666666667
US-Wi4,ENF,46.7393,-91.1663,352,-9999,-9999,Dfb,-6,3,-9999,NEE,0.323127303699135,0.708333333333333,0.412984419284256,0.625,0.34160095158377,0.625,0.380985946517468,0.708333333333333,0.381118110929997,0.708333333333333,0.38453970072103,0.708333333333333,0.436906177952039,0.628472222222222,0.436832753278412,0.628472222222222,0.436832753278412,0.628472222222222,0.426861682599821,0.625,0,0,0.532402308471739,1
US-Wjs,SAV,34.4255,-105.8615,1931,15.2,361,Bsk,-7,14,negligible,FC+SC,0.539751988006779,1,1,1,0.539751988006779,1,0.809513916047451,1,0.855885803676183,1,0.913770205970538,1,0.792835842784513,1,0.921432994394473,1,0.900888899752314,1,0.935626059183939,1,0,0,0.870278483900404,1
US-Wkg,GRA,31.7365,-109.9419,1531,15.64,407,Bsk,-7,17,negligible,FC+SC,0.59271535398334,1,1,1,0.59271535398334,1,0.86869588263514,1,0.909252245210162,1,0.969303439692162,1,0.968585509210645,1,0.972071162342869,1,0.970393754675774,1,0.969212859678139,1,0,0,0.972929995068421,1
US-Wlr,GRA,37.5208,-96.855,408,13.52,881,Cfa,-6,3,negligible,FC+SC,0.516194824961948,1,1,1,0.516194824961948,1,0.751004566210046,1,0.816423135464231,1,0.776286149162862,1,0.842633181126332,1,0.842633181126332,1,0.842633181126332,1,0.832465753424658,1,0.842739726027397,1,0.842678843226788,1
US-WPT,WET,41.4646,-82.9962,175,10.1,849,Dfa,-5,3,-9999,NEE,0.540735249391727,1,0,0,0.701661344282238,1,0.707553984184915,1,0.781687195863747,1,0.787883972019465,1,0.960804440389294,1,0.998232208029197,1,0.964815237226277,1,0.787883972019465,1,0,0,0.99992396593674,1
US-Wrc,ENF,45.8205,-121.9519,371,8.8,2452,Csb,-8,18,CO2,FC+SC,0.576101561707738,1,0.711784428556941,1,0.576101561707738,1,0.789166286380692,1,0.787096896866444,1,0.804025960855897,1,0,0,0.939502839468614,1,0.939502839468614,1,0.926329099482811,1,0.867844285569415,1,0.856828668492039,1
US-xAB,ENF,45.7624,-122.3303,363,10,2450.59,Csb,-8,3,-9999,NEE,0.164421100707924,1,0.18685773007536,0.71875,0.0748744005480703,0.571180555555556,0.246331925097054,1,0.41098138844485,1,0.597539392555378,1,0.729247545101621,1,0.817038707467458,1,0.712106074446221,1,0.608186800639415,1,0.530543503082896,1,0.823332952728934,1
US-xAE,GRA,35.4106,-99.0588,516,15.5,778.85,Cfa,-6,4,-9999,NEE,0.15778139083804,1,0.125135489759827,1,0.0378372981915683,0.375,0.19048434023618,1,0.368931484967768,1,0.660262992754863,1,0.741385703691026,1,0.824419533344743,1,0.635632380626391,1,0.664684237549204,1,0.18231216840664,0.625,0.824619202464487,1
US-xBA,WET,71.2824,-156.6194,6,-12,110,ET,-9,4,-9999,NEE,0.0784053630009984,0.638888888888889,0.0614605619740408,0.458333333333333,0.0305234631293681,0.282986111111111,0.103123662815576,0.682291666666667,0.400042789901583,1,0.576536870631864,1,0.765882185137641,1,0.768677792041078,1,0.375196120382256,1,0.578861788617886,1,0,0,0.769533590072743,1
US-xBL,DBF,39.0603,-78.0716,183,12.1,982.55,Cfa,-5,4,-9999,NEE,0.178285176416897,1,0.186400068456031,0.75,0.093870332867452,0.595486111111111,0.243917396388944,1,0.396503037736387,1,0.741407341909353,1,0.79286345874098,1,0.964345817051256,1,0.827262614449927,1,0.748039019937819,1,0.351207963718303,1,0.961322342337203,1
US-xBN,ENF,65.154,-147.5026,263,-2,275,Dwc,-9,4,-9999,NEE,0.162758522322065,1,0.134674083582941,1,0.0659392383397518,0.567708333333333,0.208344030808729,1,0.353615746683783,1,0.646926258736272,1,0.723263443160747,1,0.771430609042932,1,0.725174725431465,1,0.664855227499643,1,0.000584795321637427,0,0.771658821851376,1
US-xBR,DBF,44.0639,-71.2873,232,5.6,1246,Dfb,-5,4,-9999,NEE,0.186547845410185,1,0.160076516001924,0.791666666666667,0.0726329293716066,0.583333333333333,0.2882064557513,1,0.426553801745664,1,0.63934388673799,1,0.68549403221003,1,0.798790405718082,1,0.764644567134774,1,0.652459279283407,1,0.309843989828412,1,0.799489129687751,1
US-xCL,GRA,33.4012,-97.57,259,17.5,925.61,Cfa,-6,4,negligible,FC+SC,0.144061269895602,1,1,1,0.144061269895602,1,0.158893833076616,1,0.374522220320612,1,0.731002909464316,1,0.711863198128815,1,0.822037765987792,1,0.743525015688288,1,0.734083518740373,1,0.398339893890125,1,0.796451594500542,1
US-xCP,GRA,40.8155,-104.7456,1654,8.6,320,Bsk,-7,5,-9999,NEE,0.171369266211993,1,0.0966675030222851,0.765625,0.0468967404940581,0.552083333333333,0.237996396067608,1,0.368775803471636,1,0.69685910449123,1,0.667274925298237,1,0.798761433361465,1,0.675315344084305,1,0.709404438767364,1,0.194281608539951,0.810763888888889,0.808581008644876,1
US-xDC,GRA,47.1617,-99.1066,559,4.9,489.74,Dfb,-6,4,-9999,NEE,0.324305436704889,1,0.208169319413543,1,0.116178903531291,0.774305555555556,0.414227850989788,1,0.608762621940784,1,0.70610131781619,1,0.79823435449826,1,0.825089851103885,1,0.743710422728051,1,0.709823720691426,1,0.370842603685321,1,0.824918706144104,1
US-xDJ,ENF,63.8811,-145.7514,529,-2,300,Dfc,-9,4,-9999,NEE,0.244173441734417,1,0.152959634859506,0.835069444444444,0.0789331051205249,0.607638888888889,0.334445870774497,1,0.482370560547711,1,0.822521751533305,1,0.900228212808444,1,0.942490372272144,1,0.769947225788047,1,0.834374554271858,1,0.282698616459849,0.682291666666667,0.950748823277706,1
US-xDL,MF,32.5417,-87.8039,22,17.6,1372,Cfa,-5,3,-9999,NEE,0.197112665575234,1,0.170784342908171,1,0.084223842833755,0.732638888888889,0.247864265515702,1,0.461020985265665,1,0.881738353921715,1,0.908155975591606,1,0.868328620330406,1,0.585935407054621,1,0.885518678374758,1,0.253400803691025,0.541666666666667,0.943027236195862,1
US-xDS,CVM,28.125,-81.4362,15,22.5,1216.09,Cfa,-5,4,-9999,NEE,0.154325565475342,1,0.305698964602527,1,0.13393137282866,0.692708333333333,0.23326392652386,1,0.38137140249294,1,0.74801049659146,1,0.93784762828375,1,0.938603496962264,1,0.665820474058016,1,0.755654753415671,1,0.219287486807952,0.800347222222222,0.963789611797256,1
US-xGR,DBF,35.689,-83.5019,579,13.1,1375,Cfa,-5,4,-9999,NEE,0.161028551869705,0.878472222222222,0.142431330043641,0.682291666666667,0.0848426937448301,0.508680555555556,0.261758749536496,1,0.341324624204912,1,0.693930231894806,1,0.563621324053738,1,0.795344989874212,1,0.754456772868593,1,0.709318577255484,1,0.411035682706295,1,0.78972589064149,1
US-xHA,DBF,42.5369,-72.1727,351,6.62,1071,Dfb,-5,4,-9999,NEE,0.211272426481075,1,0.16060070167432,1,0.0888930089278074,0.798611111111111,0.334621637810548,1,0.552240508856499,1,0.733050001426167,1,0.83199748994552,1,0.940571607861034,1,0.7570951824068,1,0.734490430417297,1,0.00049915856128241,0,0.943866054365498,1
US-xHE,OSH,63.8757,-149.2133,705,-4,320,ET,-9,4,-9999,NEE,0.0958208529453716,0.75,0.188432463272001,1,0.0791042647268578,0.666666666666667,0.169119954357438,0.798611111111111,0.277649408073028,1,0.441905576950506,1,0.763428897446869,1,0.817258593638568,1,0.648067322778491,1,0.451690201112537,1,0.000599058622165169,0,0.820125517044644,1
US-xJE,ENF,31.1948,-84.4686,44,19.2,1307.97,Cfa,-5,4,-9999,NEE,0.187155937134545,1,0.142531161755897,0.666666666666667,0.0723209446932314,0.586805555555556,0.267577512193731,1,0.479748424085114,1,0.793790467497647,1,0.869576998773496,1,0.930417296557232,1,0.717433469294618,1,0.799495136769446,1,0.410793234262244,1,0.918608631164608,1
US-xJR,OSH,32.5907,-106.8425,1329,15.7,271.33,Bsk,-7,4,-9999,NEE,0.235687594488975,1,0.352896711070542,1,0.15742932937787,1,0.328365233762159,1,0.600721681832444,1,0.783310037938215,1,0.580440425592606,1,0.825669623755598,1,0.515203810936475,1,0.802293407878598,1,0.437458995350429,1,0.825441423966683,1
US-xKA,GRA,39.1104,-96.6129,1329,12.7,850.63,Cfa,-6,4,-9999,NEE,0.232058303382965,1,0.266672371498659,1,0.0887386616464145,0.755208333333333,0.264761252781106,1,0.542543784585544,1,0.7692965942153,1,0.758400365109248,1,0.709438644531919,1,0.623666495521707,1,0.779536767642193,1,0.401149523646529,1,0.813822807918307,1
US-xKZ,GRA,39.1008,-96.5631,381,12.4,870.38,Cfa,-6,4,-9999,NEE,0.181014319128302,0.861111111111111,0.273061783330481,1,0.117990187688973,0.699652777777778,0.244052712647613,1,0.54814878201837,1,0.748374122882081,1,0.801086770494609,1,0.836970163728678,1,0.768269724456615,1,0.753522733755491,1,0.454118888698728,1,0.833319071253352,1
US-xLE,DBF,31.8539,-88.1612,20,18.1,1386.24,Cfa,-5,4,-9999,NEE,0.0259562451866853,0.260416666666667,0.0613394563450184,0.394097222222222,0.00858552725405745,0.0538194444444444,0.0384922559114635,0.274305555555556,0.20658033600502,1,0.613351778430645,1,0.671211386519867,1,0.714666704697795,1,0.546721241336034,1,0.61775863544311,1,0.149932970136056,0.583333333333333,0.717989674548618,1
US-xMB,OSH,38.2483,-109.3883,1767,10.1,319.46,Bsk,-7,4,-9999,NEE,0.0815101121031463,0.779513888888889,0.351270787574522,1,0.0386513392475112,0.291666666666667,0.128262543857147,1,0.168853581310437,1,0.393273811221725,1,0.56662007587643,1,0.832829392132812,1,0.790997518327296,1,0.401759990872008,1,0.413854579684514,1,0.832772342185583,1
US-xML,DBF,37.3783,-80.5248,1126,8.8,1227.82,Dfb,-5,4,-9999,NEE,0.107105165578026,0.869791666666667,0.12627285433127,0.75,0.0619099232721983,0.453125,0.155523546022419,1,0.373812715707807,1,0.561496334749993,1,0.771185715508143,1,0.804572292421347,1,0.434952508628312,1,0.562565960238455,1,0.398841952137825,1,0.82690607262044,1
US-xNG,GRA,46.7697,-100.9154,578,5.9,456.51,Dfb,-6,4,-9999,NEE,0.24517941696617,1,0.294711620742769,1,0.140210508300531,1,0.322151862627646,1,0.599050145473216,1,0.749315420160876,1,0.729861943065777,1,0.784842261395402,1,0.715286097324434,1,0.75490615551372,1,0.352415996348908,1,0.785255861714872,1
US-xNQ,OSH,40.1776,-112.4524,1685,9,288.31,Dfb,-7,4,-9999,NEE,0.0548249992868757,0.46875,0.130530279259492,0.678819444444444,0.019425507031406,0.144097222222222,0.0954302992269732,0.732638888888889,0.330775594032576,1,0.523647203126337,1,0.624753972102576,1,0.819280029665973,1,0.778204067661237,1,0.533188806800354,1,0,0,0.818966254956214,1
US-xNW,ENF,40.0543,-105.5824,3513,0.3,1004.54,Dfc,-7,4,SC,FC+SC,0.0853039335938614,0.512152777777778,0.00255298513848875,0.00520833333333333,0.00255298513848875,0.00520833333333333,0.087200844339219,0.543402777777778,0.357888581453062,1,0.647516901046867,1,0.697834954502667,1,0.812006161394301,1,0.531605670764755,1,0.661380038223465,1,0.146732464272471,0.604166666666667,0.814915708702969,1
US-xRM,ENF,40.2759,-105.5459,2743,2.9,730.59,Dfc,-7,4,-9999,NEE,0.286376472601763,1,0.282283138888097,1,0.163804660980689,1,0.430456114328094,1,0.64938528681861,1,0.873862566677126,1,0.667085032946344,1,0.883561057706022,1,0.500114099894458,1,0.887511766551616,1,0.254157514904299,0.75,0.90857745956585,1
US-xRN,DBF,35.9641,-84.2826,334,14.4,1340.32,Cfa,-5,4,-9999,NEE,0.0798368464588265,0.845486111111111,0.0602983542029151,0.512152777777778,0.0266693288456602,0.234375,0.134088251233635,1,0.486194700362246,1,0.756767163923671,1,0.845560341139222,1,0.892210274109358,1,0.736230354545195,1,0.762414786502753,1,0.452266179868222,1,0.940871102997804,1
US-xSB,ENF,29.6893,-81.9934,45,20.9,1302.09,Cfa,-5,4,-9999,NEE,0.104252830942126,0.744791666666667,0.156735788242677,0.861111111111111,0.0712370575315896,0.597222222222222,0.129809749279786,0.852430555555556,0.354202915085998,1,0.878233834393451,1,0.9177101457543,1,0.962149519381614,1,0.610884508970592,1,0.882982971562224,1,0.421075900624661,1,0.966142787871873,1
US-xSC,DBF,38.8929,-78.1395,361,11.6,1125.5,Cfa,-5,5,-9999,NEE,0.0114499463996533,0.149305555555556,0.0543416280820199,0.418402777777778,0.00613552904682618,0.0243055555555556,0.01425541135415,0.184027777777778,0.169958716328718,0.711805555555556,0.528088862532217,1,0.724973199826654,1,0.727037383390735,1,0.518805738658395,1,0.512978126496818,1,0.148655429601077,0.791666666666667,0.793741304199074,1
US-xSE,DBF,38.8901,-76.56,15,13.6,1074.65,Cfa,-5,4,-9999,NEE,0.199820302917938,1,0.121495193816139,0.734375,0.0429133745971077,0.432291666666667,0.232322656094013,1,0.425739467754357,1,0.777075786531276,1,0.818990844005819,1,0.928349353946205,1,0.787130266122822,1,0.780584158133432,1,0.394492141818078,1,0.928163952194871,1
US-xSJ,SAV,37.1088,-119.7323,368,16.4,539.62,Csa,-8,3,-9999,NEE,0.129886674779434,1,0.0790614542135686,0.460069444444444,0.0339595375722543,0.319444444444444,0.193470489808336,1,0.332198813507758,1,0.673125190142988,1,0.528160176452692,1,0.726745512625494,1,0.704650897474901,1,0.684704898083359,1,0.557879525403103,1,0.726878612716763,1
US-xSL,CRO,40.4619,-103.0293,1364,9.7,432.67,Bsk,-7,4,-9999,NEE,0.0939327381122173,0.666666666666667,0.178766009641441,0.723958333333333,0.0581909461733748,0.467013888888889,0.15600308069715,0.668402777777778,0.369241520951593,1,0.603260404484126,1,0.771543486322275,1,0.840702284850387,1,0.641612231508686,1,0.610163448098811,1,0.442807427903129,1,0.835510739652566,1
US-xSP,ENF,37.0334,-119.2622,1160,13.4,900.35,Csa,-8,4,-9999,NEE,0.245264719306253,1,0.23227122318576,1,0.0994694203560018,0.675347222222222,0.282776129621178,1,0.396708124144226,1,0.721488475581926,1,0.544143655864902,1,0.782647763578275,1,0.623987334550434,1,0.732798950251027,1,0.103277612962118,0.541666666666667,0.777969534459151,1
US-xSR,OSH,31.9107,-110.8355,983,19.3,346,Bsk,-7,4,-9999,NEE,0.22858487605899,1,0.233377071626209,1,0.112730695724106,0.791666666666667,0.327409647146076,1,0.529922697321505,1,0.743260974983598,1,0.544299284023162,1,0.815871295319052,1,0.779173916764127,1,0.754071939983456,1,0.413027355449696,1,0.81618507002881,1
US-xST,DBF,45.5089,-89.5864,481,4.8,797.56,Dfb,-6,4,-9999,NEE,0.218994238119687,1,0.242455359689657,1,0.114766957613098,0.777777777777778,0.323763477665583,1,0.639012493582064,1,0.752852415996349,1,0.558360431285299,1,0.813209538479092,1,0.78596896571396,1,0.754977465913629,1,0.390025101260768,1,0.812025785840607,1
US-xTA,ENF,32.9505,-87.3933,135,17.2,1382.68,Cfa,-6,4,-9999,NEE,0.157824177077985,1,0.148867590849449,1,0.0648211535170289,0.581597222222222,0.274017342689258,1,0.457014090935022,1,0.603457128187575,1,0.772305893091448,1,0.815491471276171,1,0.705188544697359,1,0.607664441782189,1,0.395316332933995,1,0.815947857835587,1
US-xTE,ENF,37.0058,-119.006,2147,8,1222.5,Csa,-8,3,-9999,NEE,0.150270003042288,1,0.0656944021904472,0.34375,0.0218474292668086,0.0833333333333333,0.154282020079099,1,0.346535594767265,1,0.69421204745969,1,0.501026772132644,1,0.758974749011256,1,0.690447216306663,1,0.707369942196532,1,0.402912990568908,1,0.758822634621235,1
US-xTL,WET,68.6611,-149.3705,843,-4,331,ET,-9,3,-9999,NEE,0.20078109061234,1,0.0833260470403078,0.640625,0.0301652531258197,0.217013888888889,0.213575821165224,1,0.364416659380374,1,0.615006849115444,1,0.747573664422488,1,0.785710122118271,1,0.356095712745184,1,0.623444376439043,1,0.000393459823380257,0,0.790810527236163,1
US-xTR,DBF,45.4937,-89.5857,472,4.8,797.56,Dfb,-6,4,-9999,NEE,0.238847053454276,1,0.322765132066861,1,0.173598037537795,1,0.400008557247989,1,0.631196873752068,1,0.730575047064864,1,0.798961720577329,1,0.849549318272577,1,0.805864567288493,1,0.733042386901706,1,0.482956814421815,1,0.849791773632267,1
US-xUK,DBF,39.0404,-95.1921,335,12.7,990.63,Cfa,-6,4,-9999,NEE,0.219935535398483,1,0.13857036910263,0.625,0.0578612584859376,0.359375,0.260011980147185,1,0.411147241713732,1,0.687532089679959,1,0.740872268811683,1,0.833861030292658,1,0.744551885446974,1,0.690070739916709,1,0.301871184893605,1,0.835715100690285,1
US-xUN,MF,46.2339,-89.5373,518,4.3,802.3,Dfb,-6,4,-9999,NEE,0.305479491128986,1,0.277169262365223,1,0.168292543784586,1,0.44105482343545,1,0.610901933938045,1,0.797378629699355,1,0.918435164584403,1,0.963232357807063,1,0.861144389297735,1,0.799517941696617,1,0.360374236978721,1,0.963004164527355,1
US-xWD,GRA,47.1282,-99.2414,579,4.9,493.76,Dfb,-6,4,-9999,NEE,0.196517200068458,1,0.335886245650066,1,0.158808260596725,1,0.272876376290718,1,0.597481316675224,1,0.728307376347767,1,0.802527240572765,1,0.827856694620343,1,0.734411546579953,1,0.732985338581779,1,0.213503337326716,0.717013888888889,0.828127674139997,1
US-xWR,ENF,45.8205,-121.9519,407,9.2,2225.01,Csb,-8,3,-9999,NEE,0.217390477639185,1,0.00277608761788865,0.00868055555555556,0.000703529053848494,0,0.23235473075753,1,0.414473684210526,1,0.620265439610587,1,0.695238819592333,1,0.82714101003955,1,0.744181624581685,1,0.633575448737451,1,0.221839823547308,0.791666666666667,0.82714101003955,1
US-xYE,ENF,44.9535,-110.5391,2116,3.4,493.44,Dfc,-7,2,-9999,NEE,0.157024321546835,0.878472222222222,0.0932135652571081,0.600694444444444,0.0565980283941689,0.302083333333333,0.192117382864538,1,0.415521638183687,1,0.695790355117421,1,0.618886309138659,1,0.717504662581357,1,0.69386822974156,1,0.702869866402771,1,0.181421992159251,0.673611111111111,0.717752064857458,1
