DATE_ID,HOUR_ID,FC,SC,NEE,LE,H,USTAR,NETRAD,TA,VPD,WS,SWC,SW_IN
1,0.5,0.101806818,-9999,-9999,-1.5875,-33.6,0.155306149,-16.2044,-22.847,0.167510816733238,1.7935,-9999,0.0871154
1,1.5,0.112795455,-9999,-9999,-0.5212,-21.73,0.168617045,-12.6893,-22.978,0.168076630975685,1.7561,9.192425,0.135685
1,2.5,0.112590909,-9999,-9999,-0.87865,-18.42,0.074572113,-11.7097,-22.9585,0.168732673983373,1.6666,-9999,0.171347
1,3.5,0.085045455,-9999,-9999,-1.8845,-19.165,0.08228001,-11.6367,-23.0015,0.167098008678601,1.676,-9999,0.156234
1,4.5,0.087409091,-9999,-9999,-0.69755,-23.555,0.038013156,-7.702845,-23.126,0.162297683931653,1.792,-9999,0.1082181
1,5.5,0.076613636,-9999,-9999,0.03535,-1.78215,0.1269944595,-7.0733,-23.243,0.157578344653163,1.86545,9.205385,0.001384165
1,6.5,0.136090909,-9999,-9999,-0.0325565,-7.3725,0.143840189,-7.403335,-23.079,0.156159860009557,1.9416,-9999,0.230413
1,7.5,0.116443182,-9999,-9999,0.09846,-6.611,0.064023433,-7.876575,-22.911,0.163866436053151,1.8524,-9999,0.2896335
1,8.5,0.1076818185,-9999,-9999,-0.10058,-6.614,0.171784749,-8.318575,-22.8965,0.16811703429904,1.83265,-9999,0.265148
1,9.5,0.110238636,-9999,-9999,-0.09806,-13.03,0.0468856065,-4.72041,-22.9485,0.165279668073632,1.75965,9.17142,9.06934
1,10.5,0.1004545455,-9999,-9999,0.5934,-4.609,0.056850682,9.36618,-22.586,0.172029319566828,1.93165,-9999,47.7671
1,11.5,0.1080113635,-9999,-9999,1.04045,-2.218,0.0697899445,23.9745,-21.978,0.191873004551116,1.96295,-9999,95.2477
1,12.5,0.109840909,-9999,-9999,2.767,4.006,0.142138173,40.1704,-20.69625,0.222504362463123,2.0163,-9999,125.9
1,13.5,0.144045455,-9999,-9999,2.836,3.2845,0.16673332,41.9065,-19.185,0.269870727356204,2.09125,9.1999,127.893
1,14.5,0.129022727,-9999,-9999,2.4865,2.279,0.171521025,28.7649,-18.68025,0.291012708916266,2.0327,-9999,105.996
1,15.5,0.1402954545,-9999,-9999,2.4285,-11.799,0.171055547,9.91996,-18.6075,0.281049418915667,1.9767,-9999,61.8568
1,16.5,0.094659091,-9999,-9999,-0.1619,-19.97,0.1450971575,-12.8395,-19.02625,0.241357033047878,1.89825,-9999,14.3051
1,17.5,0.126659091,-9999,-9999,-0.76075,-24.59,0.087235314,-18.7872,-19.3035,0.198523307861968,1.80555,9.171245,-0.0367545
1,18.5,0.1092727275,-9999,-9999,-1.9715,-30.44,0.083886829,-23.22715,-20.4415,0.180475304571391,1.94395,-9999,-0.340721
1,19.5,0.110454545,-9999,-9999,-0.86895,-22.47,0.05768882,-16.71815,-21.0785,0.178848879141843,2.03995,-9999,-0.02391245
1,20.5,0.099931818,-9999,-9999,-0.84215,-34.82,0.053768648,-15.9903,-21.085,0.173982555291,1.9183,-9999,0.1280275
1,21.5,0.0955113635,-9999,-9999,-0.1597,-33.485,0.044943846,-15.66785,-21.3505,0.164696689885135,1.89115,9.18722,0.2215865
1,22.5,0.0866818185,-9999,-9999,-1.297,-38.125,0.060464866,-12.4029,-21.3555,0.166353097009903,1.9698,-9999,0.1842385
1,23.5,0.0992443185,-9999,-9999,-1.149,-36.32,0.10751744,-11.97095,-21.91425,0.169793893957181,1.9146,-9999,0.1502645
2,0.5,0.029295455,-9999,-9999,-0.0080685,3.844,0.155306149,-20.77095,-10.044425,0.20762991612387,2.1053,-9999,0.2061445
2,1.5,0.032340909,-9999,-9999,0.05836,1.213,0.168617045,-20.7769,-11.0963,0.209974060598235,2.0951,9.344275,0.21053
2,2.5,0.017725,-9999,-9999,0.07023,2.185,0.074572113,-20.288,-12.12525,0.210780605196582,2.4146,-9999,0.1754675
2,3.5,0.0282727275,-9999,-9999,0.02922,4.469,0.08228001,-17.1703,-12.4465,0.200586577822559,2.15995,-9999,0.19793
2,4.5,0.047647727,-9999,-9999,-0.01479,1.423,0.051826634,-21.45205,-12.901,0.200351321618809,2.1048,-9999,0.1248965
2,5.5,0.028909091,-9999,-9999,-0.05062,1.697,0.1269944595,-21.42605,-13.35925,0.198696663116346,2.26785,9.329755,0.0402537
2,6.5,0.0295,-9999,-9999,-0.04319,0.1581795,0.143840189,-17.83815,-13.41125,0.202581661144277,2.1842,-9999,0.099127
2,7.5,0.070977273,-9999,-9999,0.001453,4.056,0.064023433,-13.1278,-13.9105,0.215620808325257,2.17375,-9999,0.226646
2,8.5,0.029431818,-9999,-9999,0.002416,6.2565,0.171784749,-10.71495,-14.603,0.222928096732726,2.2604,-9999,1.09128
2,9.5,0.037545455,-9999,-9999,0.0051445,3.209,0.0468856065,-2.69193,-14.8995,0.216347386043348,2.01715,9.329035,21.4803
2,10.5,0.022436364,-9999,-9999,0.1996,5.213,0.056850682,18.0278,-13.681,0.262897178849572,2.33905,-9999,83.7181
2,11.5,0.037693182,-9999,-9999,0.2806,12.7,0.0697899445,45.5731,-11.36375,0.297407261617864,2.62785,-9999,159.427
2,12.5,0.011039773,-9999,-9999,1.533,25.875,0.142138173,64.12085,-9.1283,0.359742729314671,2.5154,-9999,200.767
2,13.5,0.068159091,-9999,-9999,2.539,31.325,0.16673332,63.6439,-7.642275,0.474685862358479,2.6486,9.334345,222.317
2,14.5,0.035136364,-9999,-9999,1.7365,22.43,0.171521025,52.88375,-6.407775,0.573217088299611,2.7136,-9999,197.828
2,15.5,0.060363636,-9999,-9999,1.1015,9.4475,0.171055547,24.58345,-6.30315,0.621425042023666,2.33965,-9999,127.0765
2,16.5,0.014109091,-9999,-9999,0.00038,-1.6865,0.1450971575,-10.8033,-7.000775,0.536831202137114,2.26985,-9999,43.3993
2,17.5,0.0316363635,-9999,-9999,-0.01651,-0.4072,0.087235314,-41.2318,-8.1465,0.391467402274602,2.0912,9.31444,2.19133
2,18.5,0.004481818,-9999,-9999,0.07973,1.177,0.083886829,-39.57035,-9.8802,0.309685032576824,2.2762,-9999,-0.35644
2,19.5,0.001872727,-9999,-9999,0.06209,1.2417,0.05768882,-32.255,-10.69025,0.261718961403189,2.2353,-9999,-0.2212095
2,20.5,0.019197727,-9999,-9999,0.12085,1.367,0.053768648,-29.11545,-10.3614,0.242745721245517,2.1979,-9999,-0.05572685
2,21.5,0.0359318185,-9999,-9999,0.13975,1.769,0.044943846,-23.32705,-9.8754,0.227526228987495,2.1439,9.32723,0.05607725
2,22.5,0.026843182,-9999,-9999,0.06784,2.641,0.060464866,-19.8598,-9.960125,0.220613338208986,2.19375,-9999,0.1270375
2,23.5,0.044795455,-9999,-9999,0.07854,0.1109,0.10751744,-20.019,-9.785575,0.21664282089477,2.18525,-9999,0.145484
3,0.5,0.074568182,-9999,-9999,0.000489999999999999,0.4725,0.029426179,-18.15575,-14.784,0.208314139174725,1.5977,-9999,0.1875975
3,1.5,0.027909091,-9999,-9999,0.1519,-0.3486,0.037523326,-23.25495,-14.876,0.209428468737698,1.67855,9.351245,0.0940892
3,2.5,0.0373181815,-9999,-9999,0.0102555,0.1023,0.024054291,-22.1745,-15.0565,0.216112384149493,1.46775,-9999,0.088778
3,3.5,0.033045455,-9999,-9999,0.03063,0.0151337,0.027389779,-15.76285,-14.952,0.215494177648612,1.70095,-9999,0.104349
3,4.5,0.039068182,-9999,-9999,0.05231,-0.02888,0.031507193,-14.4222,-15.108,0.204510913402825,1.57945,-9999,0.1125885
3,5.5,0.047715909,-9999,-9999,-0.034065,0.09731,0.027979418,-17.2869,-15.1685,0.202570747640434,1.5365,9.34754,0.03504365
3,6.5,0.0075522725,-9999,-9999,-0.01114,-1.1195,0.0213802395,-18.4197,-15.63625,0.198785782105515,1.51755,-9999,0.1921905
3,7.5,0.04225,-9999,-9999,0.030125,0.36299,0.027263529,-21.0056,-16.478,0.179890428518176,1.9184,-9999,0.0990393
3,8.5,0.041215909,-9999,-9999,0.0023935,-0.2496,0.026747289,-8.05496,-17.3695,0.185637595633006,1.7135,-9999,4.10507
3,9.5,0.036876136,-9999,-9999,-0.01077,0.08724,0.0319060655,7.38467,-16.75525,0.198394663477808,1.65045,9.30049,46.1694
3,10.5,0.063409091,-9999,-9999,-0.0310615,6.0355,0.0264350525,40.9408,-14.731,0.222924173226677,1.79125,-9999,129.5
3,11.5,0.0651363635,-9999,-9999,2.062,18.49,0.11678660875,81.49,-13.28675,0.309475317293138,2.22245,-9999,228.344
3,12.5,0.065954545,-9999,-9999,2.708,19.77,0.15105014525,108.741,-11.2315,0.456423316142168,2.5927,-9999,283.276
3,13.5,0.070681818,-9999,-9999,4.407,20.44,0.161437141,115.049,-9.7758,0.611022314258079,2.6351,9.283485,314.194
3,14.5,0.061840909,-9999,-9999,4.6585,13.87,0.153762611,88.94635,-9.388475,0.672004447159043,2.71625,-9999,265.082
3,15.5,0.074068182,-9999,-9999,4.026,8.935,0.1384191715,53.2515,-9.620675,0.68470182451965,2.65265,-9999,172.934
3,16.5,0.051363636,-9999,-9999,2.155,-0.39135,0.10511898,12.6222,-9.97645,0.608672120084811,2.3943,-9999,92.4033
3,17.5,0.0455795455,-9999,-9999,0.03533,-4.9225,0.069495327,-27.1523,-10.79575,0.51419118243297,2.16505,9.33105,14.9789
3,18.5,0.035647727,-9999,-9999,0.03176,-7.371,0.0506511365,-42.12125,-12.6315,0.352603460037428,2.0342,-9999,-0.00324595
3,19.5,0.022769318,-9999,-9999,-0.1292,-6.606,0.067525801,-40.78285,-13.38325,0.322394526897212,1.9579,-9999,-0.2159135
3,20.5,0.0342386365,-9999,-9999,-0.07194,-7.51,0.073838422,-32.9913,-14.20625,0.269397113887124,1.9302,-9999,-0.05488325
3,21.5,0.0605,-9999,-9999,0.1859,-6.152,0.039115214,-30.53475,-14.7925,0.227484805698785,1.7843,9.37284,0.0199884
3,22.5,0.04675,-9999,-9999,0.373,-5.05,0.030298515,-25.021,-15.31825,0.226498507567005,1.8856,-9999,0.158348
3,23.5,0.068340909,-9999,-9999,0.4533,-2.791,0.030490982,-19.7663,-15.51625,0.213574641411259,1.8721,-9999,0.2283795
4,0.5,0.065386364,-9999,-9999,-0.2238,-6.459,0.0688198175,-26.8837,-15.19125,0.246764774579934,1.81,-9999,0.05277225
4,1.5,0.0581704545,-9999,-9999,-0.1564,-8.07,0.043439613,-20.8253,-15.5425,0.219613561287637,1.7214,9.19227,0.007040395
4,2.5,0.089568182,-9999,-9999,-0.2873,-10.47,0.074939976,-19.6519,-15.57925,0.204933687634854,1.6828,-9999,0.1605065
4,3.5,0.079,-9999,-9999,-0.03717,-10.955,0.082891495,-19.3821,-15.9425,0.190894636349848,1.5939,-9999,0.150747
4,4.5,0.074386364,-9999,-9999,0.0511505,-11.065,0.079831072,-18.45175,-16.17975,0.183974172947179,1.66955,-9999,0.198998
4,5.5,0.073113636,-9999,-9999,0.063245,-12.53,0.104450945,-16.2076,-15.6035,0.192182966017916,1.7414,9.225475,0.4265655
4,6.5,0.078386364,-9999,-9999,-0.02324,-10.393,0.102567051,-13.1313,-16.1185,0.195394648763492,1.63905,-9999,0.5725835
4,7.5,0.052681818,-9999,-9999,-0.17705,-11.23,0.052148645,-14.6265,-16.81025,0.198892375886848,1.624,-9999,0.83045
4,8.5,0.070227273,-9999,-9999,-0.18955,-9.855,0.077967942,-4.97707,-16.51825,0.193275675686784,1.6797,-9999,20.9451
4,9.5,0.066034091,-9999,-9999,0.2205,1.59,0.0762554285,26.7596,-13.32925,0.219866719538814,1.6403,9.203125,100.19265
4,10.5,0.133102273,-9999,-9999,2.7845,18.1,0.144852491,70.3265,-11.897,0.362248334809104,1.9246,-9999,210.021
4,11.5,0.132943182,-9999,-9999,6.1335,31.525,0.163783273,117.0645,-10.4753,0.618247726537557,2.345,-9999,292.258
4,12.5,0.129181818,-9999,-9999,8.613,36.87,0.1599621175,137.665,-9.15175,0.900826923650738,2.45815,-9999,329.924
4,13.5,0.10475,-9999,-9999,9.9455,40.76,0.156140962,137.0325,-8.229325,1.0444705345078,2.645,9.182795,361.8505
4,14.5,0.124806818,-9999,-9999,10.335,23.465,0.136004197,118.294,-7.882825,1.21774789986867,2.64225,-9999,313.833
4,15.5,0.083704545,-9999,-9999,6.3855,14.895,0.105782796,82.9171,-7.7598,1.24958831221242,2.66865,-9999,246.8075
4,16.5,0.101204545,-9999,-9999,6.2745,4.384,0.1154731775,39.1751,-7.8403,1.22642375003244,2.46535,-9999,150.926
4,17.5,0.069386364,-9999,-9999,2.982,-9.0945,0.11140018,-1.69541,-8.74165,1.05342533112534,2.24955,9.1906,52.05
4,18.5,0.054113636,-9999,-9999,0.5788,-20.945,0.0776424315,-37.1346,-10.696,0.820373250336949,1.8855,-9999,1.812565
4,19.5,0.047318182,-9999,-9999,-0.092185,-13.88,0.077362782,-42.1621,-11.64975,0.58161306818492,1.8784,-9999,-0.39408
4,20.5,0.036454545,-9999,-9999,-0.15725,-7.63,0.093908196,-37.9856,-12.596,0.427016273650792,1.85515,-9999,-0.214834
4,21.5,0.0555340905,-9999,-9999,-0.3265,-12.995,0.11045361,-33.34155,-12.8595,0.33583262975517,1.88555,9.19397,-0.0341327
4,22.5,0.085659091,-9999,-9999,-0.3183,-16.02,0.08167619,-27.54395,-12.88575,0.296588430027782,1.6568,-9999,0.05395835
4,23.5,0.05275,-9999,-9999,0.09748,-8.3445,0.115152073,-29.75285,-12.91275,0.26322234774476,1.63355,-9999,0.04698525
5,0.5,0.042136364,-9999,-9999,-0.3766,-14.63,0,-34.1031,-8.890225,0.291171424296519,1.9598,-9999,-0.039456
5,1.5,0.0181863635,-9999,-9999,-0.4695,-13.465,0,-34.5738,-9.969475,0.279545045489114,2.25595,9.19727,0.169324
5,2.5,0.0841818183333333,-9999,-9999,-0.2884,-13.08,0,-30.0766,-10.41,0.267036198018401,2.1284,-9999,0.272705
5,3.5,0.0766136363333333,-9999,-9999,-0.136695,-8.1855,0,-27.2247,-9.718075,0.228829983419117,2.2512,-9999,0.298678
5,4.5,0.112643939666667,-9999,-9999,-0.2839,-6.819,0,-24.9507,-9.9782,0.205508090259918,2.0927,-9999,0.40838
5,5.5,0.0134409095,-9999,-9999,-0.0301825,-7.498,0,-25.4387,-10.02855,0.199714340702207,2.07065,9.139875,0.384546
5,6.5,0.0716477275,-9999,-9999,0.379,-12.053,0,-22.3551,-10.14725,0.197666801563942,2.26115,-9999,0.427782
5,7.5,0.0808181815,-9999,-9999,0.28725,-9.7675,0,-13.97625,-9.92905,0.199794647680305,2.1965,-9999,5.757725
5,8.5,0.039863636,-9999,-9999,0.1482,-5.4405,0,10.5906,-8.9574,0.214300079678781,2.2472,-9999,62.9176
5,9.5,0.0623863635,-9999,-9999,0.94285,17.295,0,55.60385,-7.768875,0.2995997681067,2.31225,9.123425,169.6655
5,10.5,0.1152045455,-9999,-9999,1.0855,49.02,0,118.025,-6.4816,0.56870914617292,2.8181,-9999,313.572
5,11.5,0.133727273,-9999,-9999,2.9375,74.28,0,159.244,-4.50165,0.885387176705579,3.0214,-9999,405.1205
5,12.5,0.068068182,-9999,-9999,4.611,71.17,0,179.417,-1.96815,1.4790891388732,3.2264,-9999,469.72
5,13.5,0.0646704545,-9999,-9999,5.7475,79.89,0,175.112,-0.58173,1.91695442793008,3.26485,9.099945,461.7505
5,14.5,0.092681818,-9999,-9999,6.3945,70.49,0,150.835,0.162785,2.26834672448686,3.21645,-9999,435.46
5,15.5,0.062431818,-9999,-9999,5.365,56.1,0,124.235,0.389905,2.49573567943701,3.33675,-9999,355.786
5,16.5,0.085659091,-9999,-9999,3.6965,26.85,0,72.2602,0.3071225,2.29743686944808,3.2545,-9999,241.725
5,17.5,0.0806136365,-9999,-9999,1.766,-0.8656,0,14.372,-0.0984675,2.0330734490213,2.85825,9.108995,109.3425
5,18.5,0.0788181815,-9999,-9999,-0.064185,-27.335,0,-34.7804,-1.816525,1.53884448261366,2.3035,-9999,16.3094
5,19.5,0.045630682,-9999,-9999,-0.3337,-11.92,0,-53.8949,-3.5511,1.11784200843665,2.14365,-9999,-0.392799
5,20.5,0.033318182,-9999,-9999,0.01708,-10.232,0,-47.3304,-4.88215,0.860079287768236,2.0881,-9999,-0.4985585
5,21.5,0.0463636365,-9999,-9999,-0.5951,-38.89,0,-44.4623,-5.69245,0.699047382436583,2.17665,9.13503,-0.224998
5,22.5,0.10778409075,-9999,-9999,0.3211,-17.745,0,-37.5482,-6.41515,0.595721530208378,2.03905,-9999,0.01765785
5,23.5,0.0445170455,-9999,-9999,0.3211,-13.475,0,-37.36855,-7.5276,0.414290887649999,2.05445,-9999,-0.0074928245
6,0.5,0.0480227275,-9999,-9999,0.7305,-8.6455,0,-43.23615,-7.510925,0.465086097465007,1.7417,-9999,0.1212545
6,1.5,0.04783181825,-9999,-9999,0.9183,-4.794,0,-40.9624,-8.296575,0.398514129561229,1.82575,9.23192,0.123749
6,2.5,0.0787954546666667,-9999,-9999,0.2346,-7.8365,0,-37.33805,-8.4042,0.366504815954974,1.8866,-9999,0.197285
6,3.5,0.0742272726666667,-9999,-9999,-0.031265,-6.0095,0,-38.5719,-9.012725,0.398211471637825,1.9806,-9999,0.2878285
6,4.5,0.150901515333333,-9999,-9999,0.26975,-4.228,0,-32.31585,-9.334875,0.32734276605422,1.7178,-9999,0.26066
6,5.5,0.087375,-9999,-9999,0.152955,-4.476,0,-30.41095,-8.94,0.29535239192947,1.89695,9.25972,0.3347695
6,6.5,0.064909091,-9999,-9999,0.1572,-8.414,0,-27.1788,-8.57045,0.301990031510936,1.9387,-9999,1.3159
6,7.5,0.108954545,-9999,-9999,-0.18769,-2.815,0,-7.835725,-8.5293,0.349826288145657,1.9691,-9999,35.72735
6,8.5,0.0599545455,-9999,-9999,0.7164,5.9785,0,38.048,-7.720275,0.615802780086865,1.95955,-9999,129.356
6,9.5,0.0620113635,-9999,-9999,2.081,28.09,0,106.64,-6.742475,1.02227032578553,2.569,9.244145,276.35
6,10.5,0.1235795455,-9999,-9999,7.9525,46.645,0,177.932,-5.61555,1.42468494368017,2.86525,-9999,411.439
6,11.5,0.094363636,-9999,-9999,11.855,56.545,0,223.141,-3.695525,1.61906187256468,3.35725,-9999,514.023
6,12.5,0.0408522725,-9999,-9999,13.98,57.91,0,245.188,-2.725775,1.88008468072745,3.45175,-9999,563.056
6,13.5,0.0833295455,-9999,-9999,15.285,57.845,0,243.8585,-1.929575,2.12164799254471,3.58355,9.15789,584.3525
6,14.5,0.006520455,-9999,-9999,14.985,58.19,0,214.52,-1.712125,2.27714506312785,3.4377,-9999,537.528
6,15.5,0.0642954545,-9999,-9999,16.48,47.62,0,182.656,-1.24632,2.53947565943623,3.41745,-9999,456.584
6,16.5,0.1108295455,-9999,-9999,15.565,36.23,0,122.0505,-0.9376025,2.69579403872312,3.4132,-9999,337.2245
6,17.5,0.091840909,-9999,-9999,10.0845,7.953,0,45.0793,-1.0472475,2.61195063759004,3.5328,9.18163,184.903
6,18.5,0.103522727,-9999,-9999,7.4725,-11.75,0,-12.87665,-1.561525,2.02945650854447,2.82935,-9999,54.73185
6,19.5,0.043943182,-9999,-9999,2.024,-23.55,0,-62.3001,-2.4013,1.49441517210813,2.4017,-9999,1.58637
6,20.5,0.0643181815,-9999,-9999,1.979,-16.725,0,-61.4002,-3.58805,1.21040209436204,1.9985,-9999,-0.481662
6,21.5,0.106306818,-9999,-9999,0.26355,-9.1795,0,-57.43145,-4.6156,0.889409533961665,1.9324,9.338235,-0.3140795
6,22.5,0.1299090905,-9999,-9999,0.4792,-9.722,0,-51.6556,-5.3306,0.697713009727863,1.74435,-9999,-0.0866149
6,23.5,0.052050568,-9999,-9999,0.09762,-7.1635,0,-46.6768,-6.149,0.705666679405142,1.6507,-9999,0.001421255
7,0.5,0.053909091,-9999,-9999,0.015725,-9.0635,0.027871132,-51.2901,-0.4367175,1.24189730943136,2.13545,-9999,0.0956934
7,1.5,0.077477273,-9999,-9999,0.09894,-6.509,0.024730173,-53.623,-1.083995,0.933442282954996,1.99745,10.6442,0.069255
7,2.5,0.073409091,-9999,-9999,0.01894,-5.0635,0.0486247605,-52.4129,-1.466175,0.751188734090041,2.08495,-9999,0.0967985
7,3.5,0.071840909,-9999,-9999,0.08533,-6.562,0.0448385995,-49.69405,-2.07555,0.648921825600772,1.9539,-9999,0.198867
7,4.5,0.189159091,-9999,-9999,0.1219,-2.855,0.033645208,-46.8861,-2.6683,0.606696286892378,1.9622,-9999,0.1839455
7,5.5,0.0768295455,-9999,-9999,0.03191,-2.1815,0.0587463025,-46.43685,-2.826525,0.599393255674371,2.0007,10.52285,0.355581
7,6.5,0.147386364,-9999,-9999,0.48005,-1.9469,0.054166978,-31.27435,-3.043925,0.507554679078689,1.9895,-9999,11.3781
7,7.5,0.224818182,-9999,-9999,1.02075,2.028,0.0791328,19.66975,-1.8357,0.636717274483467,2.03685,-9999,90.79515
7,8.5,0.131,-9999,-9999,3.151,12.14,0.150099967,92.60635,1.455325,1.39111015175219,2.3335,-9999,225.516
7,9.5,0.1235795455,-9999,-9999,6.373,24.23,0.099832067,190.325,2.129125,2.26470993850806,2.63705,10.4799,373.398
7,10.5,0.196568182,-9999,-9999,15.385,45.67,0.145408426,269.072,3.442625,3.12014328325133,2.8774,-9999,494.4165
7,11.5,0.20125,-9999,-9999,13.66,43.85,0.1551445275,329.734,4.75785,3.90171585840549,3.09365,-9999,575.39
7,12.5,0.192818182,-9999,-9999,18.8,52.46,0.1613315785,370.857,5.3851,4.88050296364961,3.155,-9999,633.04
7,13.5,0.162431818,-9999,-9999,19.47,48.79,0.15962456,379.006,6.05825,5.44985031241644,2.842,10.5599,644.003
7,14.5,0.255909091,-9999,-9999,14.455,39.46,0.150598805,343.127,6.554575,5.98652665408402,2.8422,-9999,590.2755
7,15.5,0.165704545,-9999,-9999,14.38,45.57,0.155692004,272.8715,6.948075,6.0825659674649,3.0599,-9999,491.794
7,16.5,0.200034091,-9999,-9999,9.289,29.92,0.204606536,185.913,6.952025,6.00820065718252,3.1457,-9999,365.642
7,17.5,0.110045455,-9999,-9999,5.694,10.53,0.1581793165,98.3968,7.071575,5.9561304431296,2.9094,10.8562,222.566
7,18.5,0.1229772725,-9999,-9999,4.0295,-1.79,0.130728727,12.9437,6.4959,5.60034896072988,2.66605,-9999,98.3409
7,19.5,0.0491477275,-9999,-9999,0.4206,-4.926,0.070866071,-49.0176,4.613325,4.46502136208848,2.18535,-9999,11.7897
7,20.5,0.085113636,-9999,-9999,0.2833,-5.663,0.0619127585,-58.3252,3.522725,3.27454881246068,2.05785,-9999,-0.22125
7,21.5,0.101056818,-9999,-9999,0.06936,-6.275,0.049130605,-58.40865,2.1326,2.59053840337859,2.10065,11.0169,-0.0502284
7,22.5,0.036159091,-9999,-9999,0.03984,-4.9335,0.031900167,-57.34195,0.9567225,1.93526444169099,2.0193,-9999,0.03368945
7,23.5,0.097375,-9999,-9999,0.059755,-5.55,0.025349556,-55.42185,-0.07995,1.59007077962463,2.0628,-9999,0.04518795
8,0.5,0.1629545455,-9999,-9999,-0.0181535,-10.635,0,-57.8887,0.4150025,1.19953176524211,2.11765,-9999,0.1102055
8,1.5,0.228409091,-9999,-9999,0.3758,-8.3255,0,-55.30365,0.056855,1.16508662257065,2.14515,11.4902,0.1112675
8,2.5,0.172522727,-9999,-9999,0.034245,-8.202,0,-53.8618,-0.02495,1.2213438070484,2.2201,-9999,0.1365535
8,3.5,0.175931818,-9999,-9999,0.037005,-7.561,0,-51.3555,-0.154135,1.28977181530382,2.15045,-9999,0.161055
8,4.5,0.242045455,-9999,-9999,0.1563,-5.604,0,-50.12095,-0.775555,0.903091119905397,2.01015,-9999,0.318138
8,5.5,0.277954545,-9999,-9999,0.15036,-4.0865,0,-45.2478,-1.18056,0.843276587748578,2.10705,11.56945,2.50534
8,6.5,0.27,-9999,-9999,0.4295,-7.29,0,-3.75192,-1.07524,1.00359109844402,2.20195,-9999,42.6594
8,7.5,0.350681818,-9999,-9999,13.32,19.72,0,57.6632,0.08553,1.43024067552171,2.23175,-9999,150.798
8,8.5,0.147840909,-9999,-9999,20.495,78.85,0,167.8545,1.533225,2.34112906955939,2.7458,-9999,313.0435
8,9.5,-0.1699204545,-9999,-9999,33.025,134.85,0,286.7825,2.95015,3.04468596641108,2.9597,11.5251,453.595
8,10.5,-0.028454545,-9999,-9999,45.99,182.95,0,392.7995,4.289325,3.89871933035701,3.3762,-9999,588.283
8,11.5,0.135136364,-9999,-9999,54.37,200.95,0,452.429,5.4602,4.78154298716426,3.49495,-9999,664.513
8,12.5,0.2460681815,-9999,-9999,57.26,224.35,0,491.316,6.6191,5.70013739030035,3.4239,-9999,696.068
8,13.5,0.264545455,-9999,-9999,60.55,237.1,0,486.886,7.574,6.2195050151878,3.476,11.2425,697.772
8,14.5,0.274545455,-9999,-9999,58.17,192.3,0,413.628,8.2349,6.35630172424809,3.34725,-9999,613.347
8,15.5,0.2742045455,-9999,-9999,48.19,188.65,0,368.338,8.5236,6.42990319392766,3.25365,-9999,555.052
8,16.5,0.2857954545,-9999,-9999,36.505,135.85,0,270.665,9.16065,6.37011636822093,3.25075,-9999,431.008
8,17.5,0.2071818185,-9999,-9999,26.595,75.475,0,147.211,9.213525,6.11936877952897,2.9819,11.0361,294.029
8,18.5,0.159340909,-9999,-9999,16.43,18.325,0,44.5571,7.893,5.77337472008679,3.0396,-9999,157.955
8,19.5,0.267840909,-9999,-9999,8.8025,-6.7695,0,-30.3365,6.3196,4.70302180284636,2.66145,-9999,42.7546
8,20.5,0.282954545,-9999,-9999,1.967,-6.231,0,-68.83725,4.7607,3.49418014513333,2.1233,-9999,0.804773
8,21.5,0.282272727,-9999,-9999,0.55565,-6.0795,0,-66.4128,3.06845,2.58206987044196,2.04165,11.28765,-0.34079
8,22.5,0.185522727,-9999,-9999,0.28095,-7.768,0,-62.6291,1.381825,1.86738080213062,2.06705,-9999,-0.152296
8,23.5,0.101909091,-9999,-9999,0.405,-9.569,0,-61.4491,0.688485,1.52450329254621,1.935,-9999,0.012889915
9,0.5,0.286590909,-9999,-9999,0.051245,-2.805,0.0383100685,-56.8089,2.033925,1.44793886988297,1.84445,-9999,-0.0776845
9,1.5,0.182022727,-9999,-9999,0.1352,-1.723,0.031157702,-56.11755,1.4253,1.25261863777984,1.8768,10.36445,0.085378
9,2.5,0.330340909,-9999,-9999,0.01488,-3.0295,0.047347411,-55.57285,1.0420325,1.00675082045163,2.0143,-9999,0.292859
9,3.5,0.333863636,-9999,-9999,-0.06277,-4.9675,0.0399310135,-54.4368,0.82475,1.08243979904247,1.9163,-9999,0.326723
9,4.5,0.3767045455,-9999,-9999,0.13145,-6.399,0.0415569385,-51.35825,0.1421875,0.93346433593296,1.8848,-9999,0.7824735
9,5.5,0.231590909,-9999,-9999,-0.04119,-4.382,0.037696154,-33.501,-0.4740675,0.938226503318294,1.82125,10.53495,14.28285
9,6.5,0.3004545455,-9999,-9999,2.879,-1.51,0.050069951,18.6556,-0.8442625,1.2786154699953,1.9176,-9999,93.76315
9,7.5,-0.122534091,-9999,-9999,14.675,24.87,0.100454147,103.843,2.054675,2.27891716528706,2.23035,-9999,236.7655
9,8.5,-0.637272727,-9999,-9999,25.93,81.965,0.113136222,232.2145,4.161775,3.13575742816608,2.5234,-9999,397.013
9,9.5,-0.421363636,-9999,-9999,33.87,131,0.2096281725,343.5855,6.48955,4.48265867341982,2.77245,10.505,535.033
9,10.5,-0.8095454545,-9999,-9999,39.53,179.6,0.2540568645,433.43,7.435075,5.3415708795602,3.32105,-9999,639.1325
9,11.5,-0.696590909,-9999,-9999,42.585,201.55,0.196095028,478.677,8.12015,5.94312716198972,3.49745,-9999,690.241
9,12.5,-0.8021590905,-9999,-9999,44.625,220.25,0.181768951,482.548,8.601075,6.33112181405113,3.71,-9999,685.7245
9,13.5,-0.6820454545,-9999,-9999,42.925,188.3,0.205353354,473.336,9.29765,6.9030607778688,3.54265,10.0474,678.928
9,14.5,-0.558863636,-9999,-9999,43.185,152.2,0.203838171,434.5285,9.585175,7.3672608505329,3.2914,-9999,618.715
9,15.5,-0.357272727,-9999,-9999,36.555,151.95,0.147071411,364.484,9.658325,7.95570252762417,3.3247,-9999,541.673
9,16.5,-0.402045455,-9999,-9999,30.24,99.975,0.136308474,277.251,9.896425,8.21498155330623,3.37485,-9999,450.319
9,17.5,-0.2390113635,-9999,-9999,25.645,61.455,0.2208283865,183.865,10.2863,8.12861766356886,2.9929,9.759925,325.671
9,18.5,0.0553579545,-9999,-9999,17.765,23.575,0.200471955,73.82895,9.857575,7.69898883762729,2.577,-9999,203.4645
9,19.5,0.1741363635,-9999,-9999,8.194,-8.1815,0.146013698,-8.51322,8.930075,6.93229185880675,2.15485,-9999,76.0482
9,20.5,0.253181818,-9999,-9999,1.8855,-13.865,0.08191459,-59.7301,6.7228,5.23351099180597,1.674,-9999,7.24994
9,21.5,0.375227273,-9999,-9999,0.17575,-13.545,0.060191362,-64.5064,5.1427,4.03706707322501,1.92465,10.0148,-0.359327
9,22.5,0.2619318185,-9999,-9999,0.066775,-7.0295,0.04385452,-61.7005,3.9842,2.88204406280289,1.69095,-9999,-0.3561185
9,23.5,0.298386364,-9999,-9999,0.011885,-3.1015,0.032186954,-59.146,3.363475,2.10900025429298,1.7142,-9999,-0.180367
10,0.5,0.6725,-9999,-9999,-0.261,-12.72,0.095461655,-52.24345,4.5371,1.45479617382638,2.23055,-9999,0.0271394
10,1.5,0.705227273,-9999,-9999,-0.25975,-11.635,0.0750402965,-46.59435,4.47015,1.25044955580562,2.25685,9.19682,0.151738
10,2.5,0.663636364,-9999,-9999,-0.2447,-12.255,0.082346828,-45.73185,4.11745,1.41448811603797,2.24135,-9999,0.106696
10,3.5,0.666931818,-9999,-9999,-0.30965,-11.8,0.075967098,-44.84455,3.5455,1.25478620016937,2.33825,-9999,0.2146095
10,4.5,0.525681818,-9999,-9999,0.01906,-9.781,0.106442473,-40.7715,3.467175,1.13655077754674,2.2605,-9999,1.70521
10,5.5,0.2802272725,-9999,-9999,0.284,-8.011,0.05731492,-13.3952,3.153725,1.03668473576667,1.9713,9.44753,29.4453
10,6.5,-0.233863636,-9999,-9999,6.6,9.6595,0.1568623905,32.748,4.560175,1.34104778587046,2.26035,-9999,119.1865
10,7.5,-0.826818182,-9999,-9999,18.1,62.43,0.196926382,127.939,5.9745,2.32417081696831,2.62855,-9999,252.3905
10,8.5,-1.2947727275,-9999,-9999,35.2,115.6,0.213915871,244.3445,8.567825,2.92672132544367,3.12205,-9999,397.1575
10,9.5,-1.5530681815,-9999,-9999,42.74,180.9,0.2844876785,358.4345,9.72625,2.97280226673542,3.3457,9.45,542.7375
10,10.5,-1.5510227275,-9999,-9999,46.31,220.05,0.2899462025,430.434,10.093975,3.85359836871021,3.53625,-9999,619.1675
10,11.5,-1.460681818,-9999,-9999,52.02,267.05,0.2991561825,470.8435,10.9495,4.44540312158973,3.6771,-9999,672.626
10,12.5,-1.241136364,-9999,-9999,50.79,280.8,0.3309659285,486.326,11.959,5.07227873580656,3.736,-9999,709.5505
10,13.5,-1.180454545,-9999,-9999,47.29,289.4,0.31151244,468.5165,11.67175,5.82127569782899,3.8002,9.05498,676.237
10,14.5,-1.0613636365,-9999,-9999,41.02,256,0.284780617,425.3445,12.33075,7.11537312955785,3.64505,-9999,614.455
10,15.5,-1.022045455,-9999,-9999,35.13,234.05,0.279857106,372.942,12.7605,7.49517148163369,3.5155,-9999,569.468
10,16.5,-0.94,-9999,-9999,33.63,187.75,0.280802422,271.981,13.0205,7.88923406899498,3.68205,-9999,417.7195
10,17.5,-0.790909091,-9999,-9999,28.565,127.1,0.2858185845,188.045,12.4115,7.00948950808144,3.72235,8.99976,315.706
10,18.5,-0.561363636,-9999,-9999,19.76,62.96,0.297993289,85.6921,11.9575,6.49334711629753,3.4151,-9999,208.6575
10,19.5,-0.1736477275,-9999,-9999,11.36,4.2475,0.236008474,12.82275,10.6255,4.98782135411816,3.10135,-9999,101.1
10,20.5,0.3457954545,-9999,-9999,2.146,-16.905,0.151756384,-40.28705,9.12575,3.93365288144453,2.6457,-9999,17.745
10,21.5,0.5019318185,-9999,-9999,-0.2127,-16.66,0.1646768005,-59.88245,7.911125,3.14259446254135,2.3219,9.00275,0.2420875
10,22.5,0.508522727,-9999,-9999,-0.33115,-17.365,0.1124018235,-54.21765,6.267975,2.15449236370546,2.356,-9999,-0.2291245
10,23.5,0.558693182,-9999,-9999,-0.38905,-14.87,0.1053077735,-54.4385,5.328925,1.75768845798582,2.23675,-9999,-0.0321682
11,0.5,0.966363636,-9999,-9999,0.27455,-4.225,0.09003888,-51.3577,7.375325,1.58088443749476,1.6841,-9999,-0.0445818
11,1.5,1.005909091,-9999,-9999,0.3894,-6.384,0.101931349,-48.69115,6.81385,1.39560357674124,1.80705,9.03178,0.002375321
11,2.5,0.8122727275,-9999,-9999,0.22675,-6.3185,0.0746500715,-48.93335,5.8087,1.26003214569588,1.8055,-9999,0.155144
11,3.5,0.812159091,-9999,-9999,-0.1723,-5.6525,0.072470684,-45.708,5.07685,0.864600495231066,1.7653,-9999,0.274079
11,4.5,0.645,-9999,-9999,-0.06271,-4.5425,0.045033321,-36.6231,5.2102,0.809551489646264,1.70375,-9999,3.38927
11,5.5,0.414772727,-9999,-9999,0.9891,-3.9435,0.123207143,-2.121495,5.0255,0.787064537389181,1.82255,9.23894,40.9273
11,6.5,0.0552613635,-9999,-9999,11.25,5.801,0.1760412525,43.3965,7.335025,1.22331316886862,1.77105,-9999,131.3515
11,7.5,-1.178636364,-9999,-9999,27.265,34,0.181135309,133.842,9.61525,2.23610142188521,2.05915,-9999,238.334
11,8.5,-1.803409091,-9999,-9999,48.92,67.53,0.207221485,240.5305,11.323,3.85728607091509,2.63585,-9999,366.656
11,9.5,-1.6636363635,-9999,-9999,57.87,118.75,0.25159587,316.885,12.65325,5.25467656480425,2.95415,9.19331,464.8995
11,10.5,-1.6643181815,-9999,-9999,73.98,128,0.321714159,386.6135,13.85075,7.05876318049363,3.15185,-9999,541.0725
11,11.5,-1.3530681815,-9999,-9999,68.88,167.95,0.342052628,426.8015,14.42275,7.97742846176964,3.30125,-9999,603.0515
11,12.5,-1.035,-9999,-9999,71.23,195.1,0.2590277495,411.1585,15.22725,7.12289136719555,3.42255,-9999,615.864
11,13.5,-0.960681818,-9999,-9999,83.74,163.85,0.344308142,408.4765,15.62025,7.17687819583048,3.1941,8.72042,577.8495
11,14.5,-0.88,-9999,-9999,66.95,117.5,0.312081203,368.0375,14.813,8.27298658220639,3.5277,-9999,522.2315
11,15.5,-0.7172727275,-9999,-9999,65.49,137.7,0.320780299,319.4385,15.8115,9.48996134092858,3.4464,-9999,484.23
11,16.5,-0.537045455,-9999,-9999,56.97,107.6,0.290589573,264.9695,15.262,9.71780936998554,3.286,-9999,401.1235
11,17.5,-0.464545455,-9999,-9999,44.665,65.255,0.281584801,190.419,15.737,9.08069500076629,3.33285,8.577635,310.0025
11,18.5,-0.198909091,-9999,-9999,29.77,31.98,0.2748602905,101.821,14.59325,7.14701900887006,2.96755,-9999,215.037
11,19.5,0.3239772725,-9999,-9999,18.41,0.50445,0.228754025,29.84045,14.386,6.13304232743141,2.57875,-9999,118.4245
11,20.5,0.6613636365,-9999,-9999,7.2675,-9.2365,0.1568286515,-26.26525,13.01625,4.37934330892996,1.8438,-9999,36.0124
11,21.5,0.919090909,-9999,-9999,0.81505,-6.324,0.10094553,-60.1425,11.9795,3.36567508007076,1.6845,8.77276,1.78417
11,22.5,0.956590909,-9999,-9999,0.055747,-7.356,0.0793134215,-57.2638,10.142825,2.43978009227016,1.826,-9999,-0.386687
11,23.5,1.201875,-9999,-9999,0.12305,-2.8565,0.123184893,-54.354,9.3207,2.2703023443695,1.91455,-9999,-0.0702255
12,0.5,1.240340909,-9999,-9999,-0.1858,-4.9315,0.0558585095,-48.25185,13.25925,2.06881968621191,1.8424,-9999,0.02535355
12,1.5,0.8775,-9999,-9999,-0.1723,-4.3075,0.051555795,-45.12645,12.7095,1.83159549818311,1.7564,8.457235,0.0611804
12,2.5,1.278181818,-9999,-9999,-0.13935,-6.312,0.0540641285,-44.6468,11.97075,1.25313241447024,1.9726,-9999,0.18648
12,3.5,1.408636364,-9999,-9999,0.0023405,-5.586,0.041182521,-44.55405,11.522,1.0815327129517,1.98505,-9999,0.245224
12,4.5,1.3586363635,-9999,-9999,0.096175,-4.797,0.055613929,-35.80205,11.68025,0.950629378638817,1.94265,-9999,4.47051
12,5.5,0.7898863635,-9999,-9999,1.76,-3.89,0.090055538,-3.652375,11.7965,1.16841208508563,1.64015,8.693065,44.7759
12,6.5,-0.243636364,-9999,-9999,11.85,9.83,0.115412304,49.16565,12.795,1.88128972174621,1.5685,-9999,134.8195
12,7.5,-1.0357954545,-9999,-9999,34.585,40.69,0.17980545,139.584,14.30075,3.40521404671469,1.8114,-9999,255.2635
12,8.5,-1.524318182,-9999,-9999,63.98,67.175,0.167002994,247.3235,15.4415,4.92021946788418,1.87205,-9999,397.4195
12,9.5,-1.844545455,-9999,-9999,90.685,127.85,0.169115345,349.8925,17.273,6.98787204125268,2.35935,8.627115,501.1855
12,10.5,-1.808181818,-9999,-9999,89.655,189.45,0.213705405,408.085,18.472,9.28852940933507,2.492,-9999,568.025
12,11.5,-1.7847727275,-9999,-9999,91.35,209.9,0.248405973,421.9555,19.13275,9.86272254800656,2.73915,-9999,590.1335
12,12.5,-1.465,-9999,-9999,96.02,214.45,0.21807071,438.768,20.01325,11.8044691877073,2.8778,-9999,593.901
12,13.5,-1.203409091,-9999,-9999,81.95,233.1,0.1798378595,443.031,21.0775,12.6540433415865,3.5435,8.32635,602.752
12,14.5,-0.965681818,-9999,-9999,77.995,215.8,0.248937743,410.2055,20.876,12.1226479013195,3.4643,-9999,575.6275
12,15.5,-0.967954545,-9999,-9999,68.965,148.1,0.220858184,375.45,20.92175,10.7748188561752,3.40985,-9999,530.636
12,16.5,-0.641818182,-9999,-9999,62.675,135.3,0.241060158,301.681,21.1775,11.8261580664862,3.3078,-9999,467.489
12,17.5,-0.4502272725,-9999,-9999,53.035,90.525,0.136930639,217.3935,20.429,10.7378481891272,3.1011,8.20036,352.749
12,18.5,-0.134568182,-9999,-9999,39.94,37.91,0.153720526,120.5395,19.5735,9.87896456916475,2.91575,-9999,232.221
12,19.5,0.250909091,-9999,-9999,23.795,9.073,0.1577259675,37.8055,18.614,7.04396339940536,2.53295,-9999,138.747
12,20.5,0.857727273,-9999,-9999,8.1895,-8.5505,0.1317211505,-19.28515,17.63875,6.54531459034526,1.9688,-9999,45.48665
12,21.5,0.924545455,-9999,-9999,0.7828,-5.395,0.074094534,-56.0043,16.2915,5.24332970146319,1.6558,8.2952,3.0112
12,22.5,1.0367045455,-9999,-9999,-0.069625,-5.249,0.054055527,-54.09395,15.11425,3.69265490537745,1.81595,-9999,-0.429321
12,23.5,1.7294886365,-9999,-9999,-0.0263,-4.748,0.063031738,-52.68185,14.0545,2.46370434152064,1.91985,-9999,-0.1450105
13,0.5,1.402954545,-9999,-9999,-0.3843,-11.125,0.053366656,-50.7963,12.3055,2.23104004525676,1.6397,-9999,0.001834975
13,1.5,1.5176136365,-9999,-9999,-0.35925,-12.84,0.063442888,-45.6591,12.0095,1.62976998764771,1.84245,7.51886,0.1658835
13,2.5,1.496590909,-9999,-9999,-0.063851,-9.884,0.068818602,-44.36335,11.0625,1.27898189530998,1.8253,-9999,0.1914325
13,3.5,1.559090909,-9999,-9999,-0.21195,-8.959,0.051358661,-42.3244,10.60675,1.11781446673674,1.82105,-9999,0.305115
13,4.5,1.685454545,-9999,-9999,0.060075,-9.679,0.057948253,-34.5915,10.3765,0.89142914866241,1.83935,-9999,2.67937
13,5.5,0.867954545,-9999,-9999,1.413,-8.5715,0.0603471275,-7.54675,10.72225,0.934448900330832,1.8031,7.776405,33.943
13,6.5,-0.471136364,-9999,-9999,14.39,9.685,0.1611833295,40.3967,12.07,1.51686963649071,1.81,-9999,119.4035
13,7.5,-1.601136364,-9999,-9999,40.655,49.855,0.1854487565,143.6455,13.842,2.99281824347836,2.00195,-9999,259.6335
13,8.5,-1.866818182,-9999,-9999,68.33,102.2,0.2829066045,257.0655,15.35225,5.04833258435904,2.428,-9999,401.537
13,9.5,-1.4838636365,-9999,-9999,77.505,163.15,0.303298209,365.7245,16.73875,6.02100853157699,2.86415,7.705365,536.1455
13,10.5,-1.2882954545,-9999,-9999,74.16,203.4,0.31130371,436.477,17.6945,7.77286224156599,3.1643,-9999,611.151
13,11.5,-1.041818182,-9999,-9999,82.055,237.6,0.3786071425,484.875,18.415,8.63700800373962,3.32075,-9999,654.3405
13,12.5,-0.514090909,-9999,-9999,84.8,279.3,0.3443616285,484.7365,19.1715,9.76490138655423,3.2944,-9999,656.207
13,13.5,-0.398863636,-9999,-9999,68.495,285.2,0.3260354995,481.003,19.26175,11.2354762520986,3.31655,7.3886,658.098
13,14.5,-0.283181818,-9999,-9999,65.105,263.5,0.262925845,467.444,19.85925,11.9067767582632,3.32,-9999,663.974
13,15.5,-0.331136364,-9999,-9999,56.51,203.7,0.3050407355,380.2225,19.79525,11.9300677056243,3.4899,-9999,541.0715
13,16.5,-0.1069318185,-9999,-9999,52.345,187.95,0.264437694,308.299,19.7505,11.0642141206912,3.3394,-9999,468.0405
13,17.5,-0.053613636,-9999,-9999,44.56,130,0.3163529475,223.5295,20,10.4547965619984,3.43885,7.32873,362.269
13,18.5,-0.0408068185,-9999,-9999,35.61,76.57,0.325422802,126.2385,18.73425,9.74784187476353,3.3305,-9999,249.4315
13,19.5,0.253409091,-9999,-9999,19.825,19.3,0.275813661,47.081,17.9355,8.8055476790961,2.81325,-9999,149.1145
13,20.5,0.539545455,-9999,-9999,8.328,-9.949,0.142203964,-24.4221,16.40775,6.6427265756738,1.99705,-9999,46.7315
13,21.5,1.211136364,-9999,-9999,0.96165,-13.675,0.063395583,-63.3034,14.8055,4.38231721575649,1.70215,7.31502,2.432735
13,22.5,1.389545455,-9999,-9999,-0.125,-13.36,0.043852024,-60.8143,13.70675,2.96417668135788,1.7639,-9999,-0.577325
13,23.5,1.673522727,-9999,-9999,-0.04477,-10.81,0.047428148,-54.2425,13.05575,2.39870651139996,1.6793,-9999,-0.1659545
14,0.5,1.8811363635,-9999,-9999,0.5354,-8.561,0.136109276,-48.5607,13.85425,2.14487660024808,1.90945,-9999,-0.04358695
14,1.5,2.158409091,-9999,-9999,0.7869,-12.955,0.205134102,-48.8211,13.08475,1.59759512788033,1.9916,7.80851,0.0128119
14,2.5,2.2877272725,-9999,-9999,0.25895,-12.8,0.17034111,-48.0373,12.4295,1.22294326969341,1.908,-9999,0.0564593
14,3.5,2.414772727,-9999,-9999,0.14515,-13.835,0.140605832,-48.4466,12.00425,1.02838978631446,1.8251,-9999,0.2215515
14,4.5,2.1201136365,-9999,-9999,0.4932,-15.875,0.1292600755,-41.01285,11.375,0.61184371095175,1.7421,-9999,1.07368
14,5.5,1.6677272725,-9999,-9999,1.051,-11.055,0.1301047845,-17.8576,11.137,0.584946697847059,1.75575,7.961305,19.0391
14,6.5,0.7485227275,-9999,-9999,10.7505,0.95405,0.1980806585,26.85765,12.804,0.905588917760362,1.5954,-9999,97.8829
14,7.5,-1.065454545,-9999,-9999,35.63,24.73,0.1900651875,115.6625,14.94875,2.20601048255188,1.72845,-9999,224.058
14,8.5,-1.9132954545,-9999,-9999,41.9,41.5,0.1925463235,230.8195,17.34025,4.67159198637885,2.13345,-9999,367.774
14,9.5,-2.331818182,-9999,-9999,38.485,65.145,0.1950274595,344.802,19.1905,7.46315273094351,2.39815,8.022085,505.748
14,10.5,-1.841363636,-9999,-9999,60.745,92.225,0.2162126715,445.1995,20.36375,9.30644631941713,2.7024,-9999,627.2905
14,11.5,-1.8988636365,-9999,-9999,110.7,133.65,0.2373978835,481.2075,21.209,10.2542492875518,3.02275,-9999,671.191
14,12.5,-1.9976136365,-9999,-9999,118.45,167.2,0.2585830955,494.3415,22.4595,12.174665718404,3.0374,-9999,665.4315
14,13.5,-1.747159091,-9999,-9999,109.2,142.05,0.20290584,464.2745,22.934,13.8452746835381,2.9414,7.72727,665.675
14,14.5,-1.700454545,-9999,-9999,143.3,137.3,0.2117140425,430.195,22.897,13.8212764906185,3.13045,-9999,599.456
14,15.5,-1.436363636,-9999,-9999,119.1,122.5,0.2289919245,379.065,22.36425,13.1374678446156,3.1941,-9999,551.402
14,16.5,-1.179318182,-9999,-9999,114.3,106.8,0.228098997,286.406,22.3705,13.2706421877173,3.09005,-9999,439.7415
14,17.5,-0.836136364,-9999,-9999,87.755,68.24,0.3266728575,223.0055,21.44825,11.2445749460895,3.0067,7.567605,354.9885
14,18.5,-0.263409091,-9999,-9999,72.875,23.965,0.277867886,114.068,21.10725,11.5050934563983,2.7373,-9999,226.8455
14,19.5,0.281818182,-9999,-9999,33.82,-4.094,0.1908560295,25.74595,20.0975,9.09942914819135,2.27135,-9999,115.846
14,20.5,0.789090909,-9999,-9999,14.25,-5.431,0.105498815,-33.43595,18.13625,6.92667338488085,1.6461,-9999,25.86105
14,21.5,1.858181818,-9999,-9999,2.137,-10.615,0.087086164,-57.914,16.4475,5.17706408031794,1.6974,7.68187,0.4030305
14,22.5,2.355681818,-9999,-9999,1.3725,-10.785,0.138130373,-53.76825,15.54125,3.84180187983362,1.7889,-9999,-0.323745
14,23.5,2.083863636,-9999,-9999,1.2025,-12.22,0.165680415,-51.7757,14.1325,3.14410888478083,1.90115,-9999,-0.0904913
15,0.5,2.026590909,-9999,-9999,0.054575,-10.206,0.067266439,-51.0172,13.98275,1.93775313901154,1.68185,-9999,-0.0411081
15,1.5,1.775909091,-9999,-9999,-0.00426,-10.512,0.049748241,-47.4234,13.55475,1.81429335204489,1.7753,7.50516,0.0635259
15,2.5,1.779431818,-9999,-9999,0.26214,-8.2525,0.064002897,-42.59135,13.3465,1.37686251174218,1.875,-9999,0.1898635
15,3.5,1.787272727,-9999,-9999,-0.10275,-11.8,0.049203658,-42.1821,12.933,1.04118460215632,1.77465,-9999,0.1136985
15,4.5,1.7722727275,-9999,-9999,0.105935,-15.605,0.100995901,-39.55305,12.866,0.834266384838574,1.87765,-9999,0.3197685
15,5.5,1.5225,-9999,-9999,0.015069,-8.03,0.079082716,-27.0988,12.535,0.735337253055925,1.77735,7.53301,6.615135
15,6.5,0.783977273,-9999,-9999,1.828,-1.809,0.0762882275,8.763185,12.8035,0.702439579790411,1.7366,-9999,62.90465
15,7.5,0.0670227275,-9999,-9999,20.135,9.796,0.084919672,77.71935,14.60525,2.07594690257005,1.7888,-9999,160.133
15,8.5,-2.009090909,-9999,-9999,48.465,40.89,0.123004065,180.646,16.093,3.83289457117011,2.1008,-9999,291.2905
15,9.5,-2.309090909,-9999,-9999,79.055,60.95,0.13359505,295.9855,18.14325,5.70700894147215,2.14225,7.534805,433.4475
15,10.5,-2.5272727275,-9999,-9999,73.86,88.555,0.1475888435,368.719,19.668,6.65168624103959,2.5502,-9999,521.3625
15,11.5,-2.484090909,-9999,-9999,88.89,161.25,0.239687296,443.237,20.78025,8.75330826610398,2.811,-9999,597.471
15,12.5,-2.329545455,-9999,-9999,107.5,163,0.223517337,425.5695,21.581,9.88545716015146,2.856,-9999,586.3765
15,13.5,-2.638636364,-9999,-9999,119.3,225.95,0.1743619965,438.3665,22.63175,11.3380569669318,3.01625,7.275865,593.633
15,14.5,-1.577727273,-9999,-9999,130.3,162.1,0.172742583,407.729,22.136,11.4851408480744,2.861,-9999,575.199
15,15.5,-1.349772727,-9999,-9999,105.1,120.7,0.1818082225,347.239,22.301,12.2532510363447,2.91395,-9999,495.644
15,16.5,-0.789090909,-9999,-9999,83.47,102.06,0.1441071435,272.051,22.4215,13.4127678772839,2.7773,-9999,397.656
15,17.5,-1.2955681815,-9999,-9999,77.475,67.955,0.2027150865,180.5155,21.36625,10.7884841035292,2.921,7.17432,283.616
15,18.5,-0.324090909,-9999,-9999,41.54,17.26,0.171808115,81.9381,20.59675,10.0426461880092,2.54015,-9999,189.341
15,19.5,0.371590909,-9999,-9999,22.13,-4.5405,0.093445171,5.27803,19.81125,8.26848024732724,1.90555,-9999,82.24
15,20.5,1.322727273,-9999,-9999,4.0905,-7.106,0.0813103725,-49.11765,17.7745,6.17026131080301,1.6565,-9999,8.306785
15,21.5,1.427954545,-9999,-9999,0.6045,-10.191,0.054332311,-57.07135,16.098,4.50525483570743,1.6876,7.286095,-0.372657
15,22.5,1.959659091,-9999,-9999,0.14425,-9.8175,0.0441990735,-52.83005,15.33075,3.53843044200356,1.7545,-9999,-0.223691
15,23.5,1.647102273,-9999,-9999,0.266,-9.7875,0.0640705275,-52.51905,14.13025,2.21434140231503,1.6396,-9999,-0.1622165
16,0.5,1.558409091,-9999,-9999,0.24575,-7.007,0.0461573895,-47.1392,10.66275,1.44465726952217,2.119,-9999,0.0788729
16,1.5,1.410454545,-9999,-9999,0.3978,-5.7585,0.039306488,-45.9564,10.26525,1.05395760093431,2.11745,7.95481,0.0564585
16,2.5,1.732045455,-9999,-9999,0.6012,-5.531,0.046733286,-42.9147,9.9291,1.0162298529378,2.11255,-9999,0.1488375
16,3.5,2.0994318185,-9999,-9999,-0.0163,-10.205,0.0624567225,-41.90825,9.6056,0.801379697959319,2.04005,-9999,0.2474515
16,4.5,1.794659091,-9999,-9999,-0.4178,-9.241,0.057236352,-34.941,9.819075,0.756535664471898,1.9795,-9999,0.3044375
16,5.5,1.678181818,-9999,-9999,0.5929,-9.7985,0.059506302,-30.3278,9.725525,0.514327431426122,1.99185,8.21234,1.484075
16,6.5,1.3498863635,-9999,-9999,0.68685,-5.23,0.106362949,-6.81415,9.572525,0.527529742713313,2.0826,-9999,30.8987
16,7.5,-0.259545455,-9999,-9999,14.545,4.629,0.1381935805,46.62215,11.16975,0.880257420104683,2.0473,-9999,124.739
16,8.5,-1.781590909,-9999,-9999,39.675,42.655,0.191285127,150.531,12.80525,2.30187308329056,2.3902,-9999,266.05
16,9.5,-2.175681818,-9999,-9999,69.13,79.305,0.213062482,266.8315,14.32175,3.56288033064748,2.75085,8.18482,410.1735
16,10.5,-1.868863636,-9999,-9999,82.815,124.45,0.2418091215,353.8095,15.293,5.36921687174585,3.1317,-9999,518.932
16,11.5,-1.811931818,-9999,-9999,114,162.7,0.286949473,432.192,16.5995,6.97831539227068,3.42825,-9999,612.493
16,12.5,-1.565681818,-9999,-9999,112.4,182.85,0.280624304,460.738,17.65125,8.65939195442007,3.5881,-9999,628.9425
16,13.5,-1.284090909,-9999,-9999,104.615,200.6,0.2936560525,436.047,18.0445,9.99479798830225,3.68745,7.868725,604.1605
16,14.5,-0.7972045455,-9999,-9999,87.7,176.25,0.296023648,394.4885,18.66975,10.8665313880533,3.8295,-9999,574.771
16,15.5,-0.557045455,-9999,-9999,84.51,136.3,0.2356372325,328.302,18.75225,10.2128262064251,3.7482,-9999,486.141
16,16.5,-0.4134090905,-9999,-9999,62.1,104.7,0.176238475,234.375,18.38725,10.4704750777553,3.61455,-9999,374.939
16,17.5,-0.109659091,-9999,-9999,61.3,48.755,0.232594067,148.9255,18.507,10.3551548913815,3.3866,7.71573,286.1715
16,18.5,0.054272727,-9999,-9999,34.69,10.573,0.182991562,45.5644,17.9685,9.66563513656793,2.8667,-9999,145.705
16,19.5,0.691136364,-9999,-9999,7.239,-9.5045,0.13320892,-24.40855,16.21,7.76636366732831,2.0847,-9999,36.8271
16,20.5,1.4413636365,-9999,-9999,0.48305,-8.003,0.06141661,-64.55575,14.62175,5.25043330353363,1.83555,-9999,0.282644
16,21.5,1.603068182,-9999,-9999,0.2438,-9.538,0.0436493185,-59.8553,12.9265,3.83618842556012,1.86915,7.85361,-0.4211005
16,22.5,1.806818182,-9999,-9999,-0.29255,-11.105,0.061700891,-55.33865,11.82875,2.93967149815281,1.94025,-9999,-0.1356605
16,23.5,1.643977273,-9999,-9999,-0.3883,-9.5815,0.044631827,-52.9006,10.98375,2.1411993077535,2.04415,-9999,-0.09608005
17,0.5,1.1722727275,-9999,-9999,0.031635,-6.4325,0.1514387765,-42.1422,8.656,1.63285000443575,1.8722,-9999,0.0320723
17,1.5,1.157840909,-9999,-9999,0.3782,-8.7995,0.059739892,-38.6995,8.551575,1.31361577833783,1.82135,7.735835,0.05118445
17,2.5,1.284090909,-9999,-9999,0.2547,-10.515,0.07946311,-31.272,8.47445,0.99200016101713,1.8556,-9999,0.159179
17,3.5,1.820227273,-9999,-9999,0.05692,-12,0.0799455085,-26.3259,8.1273,0.695363547680721,1.8607,-9999,0.179491
17,4.5,1.035454545,-9999,-9999,-0.26995,-9.334,0.073,-28.63085,7.67435,0.649718170372699,1.93725,-9999,0.2173125
17,5.5,1.1175,-9999,-9999,0.28365,-9.45,0.0948957345,-25.0239,7.067525,0.529127753160571,1.8525,7.861235,0.4372315
17,6.5,1.237954545,-9999,-9999,0.00777,-6.253,0.0768344165,-10.99915,6.860625,0.457334361915848,1.92655,-9999,9.32596
17,7.5,0.834659091,-9999,-9999,3.5585,-0.74205,0.1336270435,24.34525,7.836275,0.728800652075733,1.8636,-9999,73.7217
17,8.5,-0.74625,-9999,-9999,18.47,22.925,0.1479185835,105.458,9.6358,1.65255189122627,2.0886,-9999,193.036
17,9.5,-1.525,-9999,-9999,47.99,51.08,0.176956928,214.6645,11.955,2.87876131728595,2.46315,7.91452,334.4335
17,10.5,-1.7770454545,-9999,-9999,53.815,67.81,0.198947229,311.157,13.8145,4.74260101113676,2.8411,-9999,451.456
17,11.5,-1.463181818,-9999,-9999,61.905,105.75,0.170036568,365.113,15.56675,6.6692994585312,3.2539,-9999,542.0975
17,12.5,-1.400909091,-9999,-9999,65.99,106.6,0.205280296,370.702,17.218,8.54064231021776,3.427,-9999,532.234
17,13.5,-1.103636364,-9999,-9999,58.545,93.46,0.220263266,355.56,17.82625,9.94727288909416,3.46715,7.64826,505.4135
17,14.5,-0.919318182,-9999,-9999,56.27,98.335,0.170029409,311.8345,18.6325,10.4900251449741,3.26035,-9999,457.6075
17,15.5,-0.79375,-9999,-9999,45.88,90.51,0.1494966785,258.6415,18.19,9.49907018559113,3.3172,-9999,384.045
17,16.5,-0.475454545,-9999,-9999,40.855,47.88,0.152872496,179.482,17.14175,9.14076060318557,3.297,-9999,304.163
17,17.5,-0.125409091,-9999,-9999,23.015,19.21,0.162495586,79.6747,15.9735,8.36342620261472,2.8401,7.611395,173.568
17,18.5,0.247090909,-9999,-9999,12.085,-2.154,0.1479171935,2.894725,14.86525,6.62754136965151,2.1808,-9999,67.95165
17,19.5,0.8163636365,-9999,-9999,1.344,-4.604,0.104594455,-47.2774,13.14925,4.91281267628847,1.6325,-9999,5.150865
17,20.5,0.958409091,-9999,-9999,0.4707,-3.2155,0.052981129,-53.4033,11.53125,3.51530342455738,1.7183,-9999,-0.6357775
17,21.5,1.105909091,-9999,-9999,0.29455,-4.337,0.047455242,-52.83345,10.69575,2.6170457019765,1.84735,7.621505,-0.224226
17,22.5,1.016818182,-9999,-9999,0.10886,-7.521,0.073252986,-48.25745,9.97195,2.08960692007443,1.8014,-9999,-0.09627295
17,23.5,1.096477273,-9999,-9999,0.2805,-5.892,0.083384651,-44.40745,9.5718,1.8864407994484,1.8121,-9999,-0.001422951
18,0.5,0.779090909,-9999,-9999,-0.2581,-11.45,0.10705139,-43.6822,7.6505,1.34912491741226,2.02485,-9999,0.0490085
18,1.5,1.0167045455,-9999,-9999,-0.1128,-11.73,0.1063192715,-38.15905,7.7613,1.13479446352887,2.1491,9.08159,0.1171475
18,2.5,1.0682954545,-9999,-9999,0.1004,-6.856,0.062521996,-39.7127,7.64955,0.962851405211278,2.05065,-9999,0.1353485
18,3.5,1.215227273,-9999,-9999,0.23515,-6.367,0.0452653545,-36.97885,7.2676,0.870503849379423,2.00095,-9999,0.1600835
18,4.5,1.151590909,-9999,-9999,0.378,-7.135,0.058354044,-26.6634,6.154775,0.682914563829407,2.0134,-9999,0.255499
18,5.5,1.004545455,-9999,-9999,0.1385,-4.791,0.0446174735,-23.7623,5.585075,0.540321878270264,2.06655,9.291315,0.247295
18,6.5,1.0864772725,-9999,-9999,-0.06946,-10.1755,0.058953115,-17.3016,5.361975,0.494025496700966,1.95835,-9999,2.098555
18,7.5,0.7438636365,-9999,-9999,0.99165,-6.358,0.0748209195,3.02223,6.176825,0.645292204593535,1.95075,-9999,42.2523
18,8.5,-0.3935227275,-9999,-9999,7.1685,21.255,0.145292808,64.1336,7.239725,1.38462792191483,2.33535,-9999,140.2795
18,9.5,-1.143181818,-9999,-9999,24.765,76.29,0.232723011,167.7805,8.523675,2.6641721628933,2.71425,9.32348,284.9945
18,10.5,-1.399090909,-9999,-9999,31.9,119.4,0.272765083,264.4565,11.1785,4.12765867620113,2.95135,-9999,401.871
18,11.5,-1.1196590905,-9999,-9999,43.09,157.5,0.277776889,318.932,12.27525,5.80031343812639,3.14335,-9999,478.6535
18,12.5,-1.070681818,-9999,-9999,41.515,168,0.343593296,341.384,12.55075,6.49163217031242,3.47825,-9999,479.705
18,13.5,-1.2363636365,-9999,-9999,48.31,191.05,0.41390845,308.594,13.266,7.48066115530278,3.4833,8.9852,450.972
18,14.5,-0.8998863635,-9999,-9999,38.32,162.8,0.4233685515,261.318,13.826,8.18143980614929,3.4885,-9999,393.68
18,15.5,-0.599772727,-9999,-9999,33.295,122.9,0.34629166,207.331,14.12425,8.66003769515006,3.4583,-9999,337.924
18,16.5,-0.542840909,-9999,-9999,31.295,79.325,0.259397015,114.983,14.4095,9.24365674445486,3.3525,-9999,228.771
18,17.5,-0.125704545,-9999,-9999,15,19.55,0.238241244,29.89475,14.2385,7.76575565297584,2.9188,8.917345,115.673
18,18.5,0.320227273,-9999,-9999,2.7365,-12.385,0.153818074,-27.6733,12.57325,5.86951961160808,2.18105,-9999,25.88785
18,19.5,0.409090909,-9999,-9999,0.106285,-8.567,0.162743864,-62.43425,10.77325,4.07868360700062,1.9382,-9999,-0.4022335
18,20.5,0.5501136365,-9999,-9999,-0.2578,-12.81,0.1155818165,-59.41195,9.927325,2.90686291668735,1.96625,-9999,-0.5184995
18,21.5,0.7810227275,-9999,-9999,-0.22965,-14.76,0.113346737,-55.0901,9.226525,2.52480134255299,2.04285,9.014575,-0.333835
18,22.5,0.724318182,-9999,-9999,-0.1802,-15.17,0.120623381,-52.7174,7.887375,2.09249099649035,1.9641,-9999,-0.1671375
18,23.5,0.700965909,-9999,-9999,-0.16665,-11.1615,0.1257129285,-48.89265,7.3638,1.67985830573142,2.0328,-9999,0.06168085
19,0.5,0.459318182,-9999,-9999,-0.64155,-11.02,0.039560081,-47.9739,4.5225,0.928837491238754,2.2493,-9999,0.004409965
19,1.5,0.459772727,-9999,-9999,-0.85105,-17.38,0.06090156,-46.00775,4.201825,0.823106714547948,2.2092,9.529215,0.0972175
19,2.5,0.398522727,-9999,-9999,-1.407,-14.22,0.0314456505,-45.0705,4.336325,0.768641673735051,2.26615,-9999,0.131466
19,3.5,0.418863636,-9999,-9999,-0.96075,-16.1,0.0245026475,-43.5997,4.0322,0.638167085702888,2.07075,-9999,0.1607455
19,4.5,0.400454545,-9999,-9999,-0.65725,-11.535,0.053301032,-42.64895,3.494475,0.495536779579251,2.04665,-9999,0.1986725
19,5.5,0.417272727,-9999,-9999,-0.32325,-10.96,0.044503578,-40.3118,3.54605,0.438118391384013,2.0184,9.616225,0.2104565
19,6.5,0.3826136365,-9999,-9999,-0.52375,-9.075,0.0322865385,-37.683,3.114275,0.409002979317416,2.13135,-9999,0.5824835
19,7.5,0.346590909,-9999,-9999,0.2137,-7.663,0.041589938,-16.34875,3.022125,0.359379955800475,1.89205,-9999,15.7836
19,8.5,0.039227273,-9999,-9999,4.798,2.382,0.1145954035,29.68655,4.51925,0.645981016505339,1.9986,-9999,92.34335
19,9.5,-0.372045455,-9999,-9999,18.475,35.725,0.218395858,109.1975,6.029,0.970280785722535,2.2253,9.631455,202.577
19,10.5,-0.4517045455,-9999,-9999,27.225,67.16,0.1671880635,189.255,7.616975,1.62515317076827,2.72725,-9999,307.485
19,11.5,-0.600909091,-9999,-9999,33.195,94.775,0.210760528,252.371,8.781225,2.45207336309224,2.82395,-9999,387.639
19,12.5,-0.5872727275,-9999,-9999,34.09,126.9,0.1917549885,273.359,9.907275,3.27115113996667,3.14495,-9999,425.603
19,13.5,-0.443636364,-9999,-9999,40.215,113.55,0.192911893,277.666,10.65225,4.1263425103415,3.3032,9.44288,434.398
19,14.5,-0.483181818,-9999,-9999,26.315,96.565,0.191286203,218.3275,11.55075,3.8429324569641,3.57585,-9999,354.973
19,15.5,-0.3070454545,-9999,-9999,15.67,55.5,0.1033866365,144.589,11.47675,3.6481379245152,3.3512,-9999,277.9445
19,16.5,-0.170522727,-9999,-9999,13.06,21.935,0.2308562385,63.27315,10.93225,3.96548855375112,3.21855,-9999,169.9425
19,17.5,0.0555795455,-9999,-9999,3.51,-3.099,0.1188587105,-6.55277,10.2845,3.04910735131542,2.6774,9.328655,55.76475
19,18.5,0.212795455,-9999,-9999,0.86905,-11.375,0.068745909,-59.17185,8.437575,2.20828101002584,2.03475,-9999,1.85231
19,19.5,0.342727273,-9999,-9999,-0.017695,-14.08,0.057471732,-58.18445,7.580375,1.60148705709955,2.1338,-9999,-0.3929765
19,20.5,0.37,-9999,-9999,0.07333,-11.82,0.0752416825,-54.4451,6.72205,1.47019946383661,2.0892,-9999,-0.127416
19,21.5,0.358181818,-9999,-9999,-0.1317,-11.29,0.061104366,-49.28,5.9154,1.02593405519229,2.015,9.40396,-0.132743
19,22.5,0.304772727,-9999,-9999,-0.07291,-9.5565,0.058785647,-48.0935,5.089025,0.984535306811814,2.162,-9999,-0.012487555
19,23.5,0.316590909,-9999,-9999,-0.1534,-8.333,0.031316844,-46.91035,4.772825,1.03753808721882,2.1715,-9999,-0.0534094
20,0.5,0.220397727,-9999,-9999,0.45505,-3.7615,0.039217343,-27.50975,0.422685,0.676777216082308,2.10685,-9999,0.06803475
20,1.5,0.203272727,-9999,-9999,0.64575,-5.1165,0.0486829935,-24.07565,0.0970725,0.640751514684738,1.94635,10.0713,0.106305
20,2.5,0.212181818,-9999,-9999,0.07118,-4.496,0.064629715,-25.16405,-0.20756,0.523520871343858,1.92405,-9999,0.123685
20,3.5,0.224795455,-9999,-9999,0.116595,-3.651,0.030812335,-25.624,-0.3511675,0.404263838199203,1.9759,-9999,0.03447725
20,4.5,0.229090909,-9999,-9999,0.14565,-2.0285,0.025849565,-25.0614,-0.50836,0.335059444922015,1.8772,-9999,0.1104535
20,5.5,0.197545455,-9999,-9999,0.4509,-2.473,0.033481338,-19.35995,-0.5544075,0.326543356024476,1.9199,10.05785,0.0615632
20,6.5,0.191568182,-9999,-9999,0.24955,-3.49,0.021963606,-19.82345,-0.676645,0.297658557468386,1.82345,-9999,0.122584
20,7.5,0.1412272725,-9999,-9999,0.38665,-4.639,0.032449961,-15.4266,-0.66877,0.294774460656556,1.7657,-9999,2.9731
20,8.5,0.15525,-9999,-9999,1.608,0.23,0.027303846,7.84648,-0.215805,0.313345170954014,1.94485,-9999,38.5974
20,9.5,0.100625,-9999,-9999,7.9245,25.23,0.0436226365,52.4297,0.7303875,0.613782725076668,1.9881,10.06835,115.854
20,10.5,0.053331818,-9999,-9999,15.795,48.63,0.0999604595,102.564,2.7405,1.35875994603696,2.26655,-9999,181.267
20,11.5,0.0539545455,-9999,-9999,20.125,80.2,0.198645413,148.181,3.775775,2.03683303976327,2.53875,-9999,229.6595
20,12.5,-0.009561364,-9999,-9999,21.49,82.04,0.148929514,164.3675,4.62825,2.99151131274124,2.8229,-9999,248.022
20,13.5,-0.026795455,-9999,-9999,18.755,71.59,0.1292723755,152.761,5.49245,3.58905944893351,3.04545,10.0367,243.781
20,14.5,-0.200977273,-9999,-9999,15.35,72.225,0.223450218,125.248,5.5058,3.96318954697451,3.16435,-9999,220.0005
20,15.5,-0.069909091,-9999,-9999,9.5145,35.72,0.166763305,66.3841,5.686375,4.17684983083132,3.12425,-9999,131.1345
20,16.5,0.027454545,-9999,-9999,7.873,8.618,0.142308393,13.77815,5.6349,4.0400640327037,2.79435,-9999,74.354
20,17.5,0.116102273,-9999,-9999,0.9148,-4.9945,0.0867129705,-28.0795,4.3679,2.83594254579083,2.1479,10.0757,11.1479
20,18.5,0.194795455,-9999,-9999,0.012295,-5.5935,0.1018867875,-50.8754,3.1781,1.98675447204084,1.8812,-9999,-0.142288
20,19.5,0.1827954545,-9999,-9999,-0.033885,-12.905,0.061192568,-44.5208,2.123375,1.40936006816655,1.9583,-9999,-0.0744595
20,20.5,0.222488636,-9999,-9999,-0.21545,-12.865,0.0409624235,-37.43785,1.585425,1.14838224955474,2.02635,-9999,-0.0392471
20,21.5,0.235022727,-9999,-9999,-0.23485,-8.771,0.0376281895,-32.1152,1.05636,0.899545773433728,2.00375,10.09375,-0.05472535
20,22.5,0.197727273,-9999,-9999,0.481,-5.2475,0.074720271,-34.2021,0.9254075,0.769694374100887,2.0385,-9999,-0.0105568
20,23.5,0.219375,-9999,-9999,0.2062,-8.05,0.044833024,-38.0558,0.6855975,0.607313755153491,2.00745,-9999,0.05728615
21,0.5,0.156056818,-9999,-9999,0.034406,-4.1525,0.209747197,-26.82885,-1.8052,0.387818029559141,2.11505,-9999,0.07740545
21,1.5,0.1396704545,-9999,-9999,0.1642,-5.168,0.12316039,-24.18485,-1.920475,0.401617824234469,2.0151,10.42685,0.093294
21,2.5,0.1684886365,-9999,-9999,0.16315,-3.8465,0.119456372,-21.4792,-2.40085,0.291089426742164,2.0496,-9999,0.18515
21,3.5,0.2057954545,-9999,-9999,0.034025,-6.1555,0.132287566,-18.96535,-2.8029,0.262581240478766,1.94045,-9999,0.2993855
21,4.5,0.199568182,-9999,-9999,-0.24105,-4.987,0.123773988,-17.36685,-3.40395,0.288475475109916,1.92875,-9999,0.287231
21,5.5,0.233181818,-9999,-9999,-0.37865,-8.31,0.14822331,-17.07695,-3.696275,0.289007318632298,2.0251,10.3208,0.214432
21,6.5,0.185227273,-9999,-9999,-0.24595,-4.383,0.071610055,-16.2752,-3.7379,0.252544857347707,1.90255,-9999,0.21228
21,7.5,0.168454545,-9999,-9999,-0.24615,-3.7325,0.058912759,-15.9156,-3.709575,0.217107092870208,2.01215,-9999,0.5902495
21,8.5,0.1341363635,-9999,-9999,-0.1594,-1.7285,0.072245387,-4.1519,-3.907525,0.26842700497304,1.9985,-9999,13.9687
21,9.5,0.192659091,-9999,-9999,2.531,3.1685,0.129846063,21.6411,-2.264375,0.384149954337243,2.0674,10.22215,70.8811
21,10.5,0.1386136365,-9999,-9999,10.559,17.97,0.127239931,62.8316,-0.684045,0.663103400459538,2.22415,-9999,129.178
21,11.5,0.1172840905,-9999,-9999,15.75,30.77,0.1535962715,108.0425,0.4757775,1.06208390871,2.56245,-9999,194.001
21,12.5,0.0739886365,-9999,-9999,21.44,44.29,0.111453257,115.1175,1.3201875,1.52796808545035,2.72855,-9999,211.1325
21,13.5,0.038863636,-9999,-9999,19.48,39.25,0.126649122,105.303,1.79655,2.00845056632269,2.65885,10.1069,197.356
21,14.5,0.071443182,-9999,-9999,14.59,23.165,0.136381817,70.14155,1.99905,2.30164022222479,2.679,-9999,155.454
21,15.5,0.0906704545,-9999,-9999,9.1245,10.41,0.1716587995,32.7733,1.9214,2.18238321667058,2.5355,-9999,96.76445
21,16.5,0.116136364,-9999,-9999,3.136,-3.252,0.10034939,-5.208,1.569675,1.8406257932043,2.1551,-9999,33.1991
21,17.5,0.156670455,-9999,-9999,0.023684,-3.799,0.048651824,-38.61085,0.94452,1.27549145630469,1.94825,10.0616,1.21261
21,18.5,0.2002613635,-9999,-9999,0.02754,-5.87,0.059598658,-44.64675,-0.095555,0.902004117357333,1.9249,-9999,-0.3425905
21,19.5,0.2096363635,-9999,-9999,-0.30835,-7.4985,0.090537285,-44.7863,-1.01166,0.769388303868961,1.87465,-9999,-0.316055
21,20.5,0.180113636,-9999,-9999,-0.151545,-6.698,0.072090221,-38.71815,-1.528225,0.667298240242015,1.8046,-9999,-0.130467
21,21.5,0.163454545,-9999,-9999,0.1211,-5.142,0.064591021,-31.7161,-1.7953,0.657184782754786,1.82975,10.12515,-0.06554055
21,22.5,0.239318182,-9999,-9999,0.121255,-3.7195,0.066121101,-26.18735,-1.891925,0.435085434459218,2.01785,-9999,0.111103
21,23.5,0.140306818,-9999,-9999,0.2661252,-3.411,0.110634533,-27.90735,-2.174675,0.471437907555826,1.98075,-9999,0.145382
22,0.5,0.196284091,-9999,-9999,0.02701,-18.14,0.158524446,-16.05025,-6.7022,0.229147709838468,1.7951,-9999,0.1072355
22,1.5,0.210659091,-9999,-9999,-0.1813,-17.18,0.1458833015,-15.4159,-6.897875,0.242135137165147,1.8426,9.21415,0.1198955
22,2.5,0.146022727,-9999,-9999,-0.0009549,-16.06,0.126494408,-17.11485,-6.9497,0.231431944116574,1.70445,-9999,0.0384394
22,3.5,0.1442954545,-9999,-9999,0.009605,-12.02,0.097967271,-15.98915,-7.07975,0.225252395236251,1.64555,-9999,0.08867065
22,4.5,0.093272727,-9999,-9999,0.021875,-5.551,0.0354585075,-16.7986,-7.302275,0.207546710271079,1.632,-9999,0.0812496
22,5.5,0.1216590905,-9999,-9999,0.13855,-3.023,0.0367313315,-14.9437,-7.00445,0.195196864034931,1.69185,9.204775,0.050883
22,6.5,0.141545455,-9999,-9999,0.10929,-6.724,0.056178288,-13.99455,-7.343,0.211266404197221,1.61395,-9999,0.04224375
22,7.5,0.029034091,-9999,-9999,0.095775,-5.5675,0.032294289,-13.8253,-7.343475,0.214662563032576,1.6053,-9999,0.0503656
22,8.5,0.073272727,-9999,-9999,-0.06467,-5.3195,0.021165377,-11.6034,-7.19535,0.219872639150538,1.62295,-9999,3.11768
22,9.5,0.127545455,-9999,-9999,0.0219915,-4.61,0.0115384435,3.176785,-6.788425,0.226539446518626,1.5883,9.224105,32.6473
22,10.5,0.097090909,-9999,-9999,1.7605,2.066,0.078319857,30.4016,-5.997275,0.261907329299136,1.64315,-9999,84.6758
22,11.5,0.114318182,-9999,-9999,3.8065,12.322,0.080131143,57.0121,-4.519825,0.372419513846114,2.1134,-9999,124.398
22,12.5,0.113568182,-9999,-9999,5.425,31.3,0.082934302,71.5446,-4.3063,0.451945181561739,2.28275,-9999,155.818
22,13.5,0.164090909,-9999,-9999,8.1305,28.7,0.1447066,63.8357,-3.812275,0.486080565013723,2.39005,9.14239,141.314
22,14.5,0.1271022725,-9999,-9999,4.9225,12.06,0.131773026,41.4344,-3.7815,0.474511327813426,2.13365,-9999,117.508
22,15.5,0.127659091,-9999,-9999,2.7095,-0.7606,0.1276288215,9.7171,-3.26625,0.485611136903016,1.99755,-9999,59.677
22,16.5,0.115613636,-9999,-9999,0.2444,-8.351,0.09625487,-25.34235,-3.4736,0.392256329951626,1.89685,-9999,12.31065
22,17.5,0.168363636,-9999,-9999,-0.1975,-13.925,0.052721169,-40.357,-3.679575,0.356153673277733,1.7076,9.16901,0.0199142
22,18.5,0.113636364,-9999,-9999,-0.1866,-10.96,0.116060329,-31.6872,-3.70155,0.31464672448052,1.97105,-9999,-0.0757854
22,19.5,0.182465909,-9999,-9999,-0.1191,-12.96,0.0963006495,-24.4776,-4.101375,0.336932486797445,1.97415,-9999,0.05907815
22,20.5,0.191431818,-9999,-9999,-0.05582,-16.795,0.069524039,-21.97625,-4.16735,0.323829405834028,1.92745,-9999,0.1576425
22,21.5,0.170931818,-9999,-9999,0.2465,-17.16,0.202064346,-18.74795,-4.69205,0.29864914591305,1.84685,9.17451,0.153435
22,22.5,0.198727273,-9999,-9999,-0.108435,-16.76,0.109328816,-18.79555,-5.468075,0.263876863243104,1.83085,-9999,0.198365
22,23.5,0.2159886365,-9999,-9999,0.2253,-20.05,0.1302043275,-20.5645,-6.715575,0.221687900508498,1.82045,-9999,0.171894
23,0.5,0.095772727,-9999,-9999,0.42495,-4.115,0.184173831,-14.9549,-13.7535,0.202904260329332,1.56625,-9999,0.1126985
23,1.5,0.075568182,-9999,-9999,0.03185,-6.743,0.148527084,-13.93745,-13.63925,0.199775560019578,1.64875,9.400895,0.00582658
23,2.5,0.069795455,-9999,-9999,0.09671,-3.086,0.2007330965,-13.6917,-14.1955,0.201019805322353,1.77195,-9999,0.1730485
23,3.5,0.05825,-9999,-9999,-0.08673,-4.9315,0.1966801385,-15.12655,-14.273,0.19927206033829,1.64325,-9999,0.0959476
23,4.5,0.057204545,-9999,-9999,0.1532,-2.891,0.1870678765,-12.3825,-14.2165,0.200673127137846,1.74635,-9999,0.325984
23,5.5,0.058034091,-9999,-9999,-0.065315,-0.8474,0.1855027365,-14.4564,-14.30375,0.198589381982501,1.72815,9.38954,0.2368265
23,6.5,0.0305,-9999,-9999,-0.1788,-1.901,0.185283566,-12.51,-14.74275,0.195995066144416,1.82065,-9999,0.2537085
23,7.5,0.071136364,-9999,-9999,-0.08162,-1.63,0.158524446,-11.5706,-14.871,0.194485362999674,1.8155,-9999,0.30449
23,8.5,0.063181818,-9999,-9999,0.1643,-2.633,0.200149944,-11.3622,-15.008,0.190840491104169,1.73795,-9999,1.190275
23,9.5,0.062818182,-9999,-9999,0.3957,-0.8023,0.0855276035,-3.935585,-14.78025,0.190404804826473,1.7173,9.411305,18.2844
23,10.5,0.053954545,-9999,-9999,1.1325,2.9555,0.103051989,14.3409,-14.2435,0.1943602866144,1.7283,-9999,63.7798
23,11.5,0.063193182,-9999,-9999,1.308,6.314,0.1205763745,37.9545,-12.9395,0.203581096170609,2.0174,-9999,106.56
23,12.5,0.0690454545,-9999,-9999,1.978,13.38,0.13810076,51.8253,-11.53275,0.262523289438943,1.83765,-9999,130.237
23,13.5,0.076886364,-9999,-9999,2.897,14.04,0.1556251455,49.8641,-10.98175,0.366716506133025,1.93595,9.35904,133.625
23,14.5,0.0425113635,-9999,-9999,1.614,11.15,0.119037809,28.8988,-10.6082,0.404280284674446,2.03285,-9999,100.476
23,15.5,0.051159091,-9999,-9999,0.5995,0.397,0.065620388,1.28143,-10.7585,0.413526942326989,1.9993,-9999,51.5614
23,16.5,0.0202920455,-9999,-9999,0.041145,-0.88525,0.0688275995,-21.9373,-12.02325,0.345301967786054,1.63655,-9999,5.64175
23,17.5,0.02825,-9999,-9999,-0.026545,-4.8235,0.1047494345,-30.48915,-12.954,0.272989022314614,1.83465,9.373035,-0.358498
23,18.5,0.0447045455,-9999,-9999,0.07157,-6.3235,0.123123162,-25.90125,-13.58225,0.227724032395384,1.78115,-9999,-0.151408
23,19.5,0.046238636,-9999,-9999,0.08803,-3.407,0.113973681,-22.0586,-13.835,0.213953631971322,1.78255,-9999,-0.2331505
23,20.5,0.047159091,-9999,-9999,-0.045125,-10.383,0.124979998,-23.3998,-13.9795,0.20265553344338,1.6601,-9999,-0.0489428
23,21.5,0.0531363635,-9999,-9999,-0.09146,-5.953,0.143847678,-18.85815,-14.3695,0.201476023328305,1.802,9.41299,0.0315167
23,22.5,0.0562613635,-9999,-9999,0.1612,-1.5935,0.148559752,-18.5766,-14.2275,0.205658664933135,1.66165,-9999,0.0698918
23,23.5,0.067079545,-9999,-9999,-0.0176885,-5.243,0.146901327,-15.054,-14.57425,0.200837100322961,1.6409,-9999,0.07389785
24,0.5,0.056647727,-9999,-9999,0.07928,-4.129,0.033361869,-14.9252,-20.41925,0.186108060176317,1.8747,-9999,0.04238415
24,1.5,0.018425,-9999,-9999,-0.2071,-2.278,0.033361869,-15.724,-20.73675,0.181408665034668,2.05385,9.25962,0.0864768
24,2.5,0.042840909,-9999,-9999,-0.02627,-1.867,0.033361869,-17.5965,-20.45675,0.181441091272903,1.9408,-9999,0.173409
24,3.5,0.055306818,-9999,-9999,-0.10085,-5.4645,0.033487058,-13.5025,-20.77375,0.178787995998769,1.8697,-9999,0.05916955
24,4.5,0.08325,-9999,-9999,-0.17675,-2.385,0.058867108,-13.7154,-20.7175,0.178939361765476,1.67385,-9999,0.0455231
24,5.5,0.1097613635,-9999,-9999,-0.2352,-5.809,0.0606538225,-11.32805,-20.5195,0.17735156479552,1.74565,9.27548,0.1557145
24,6.5,0.121113636,-9999,-9999,-0.7586,-5.279,0.043646306,-9.682875,-20.641,0.176543657509231,1.6491,-9999,0.2112675
24,7.5,0.058272727,-9999,-9999,-0.2426,-6.821,0.04969087,-8.33978,-20.86875,0.173428194619116,1.74915,-9999,0.1952745
24,8.5,0.089863636,-9999,-9999,-0.35,-3.028,0.030882635,-8.68487,-21.05375,0.173967712339944,1.8269,-9999,0.4498595
24,9.5,0.085386364,-9999,-9999,0.00451,-2.0595,0.0273001825,-4.77137,-21.30975,0.177928528995478,1.8299,9.26955,9.92
24,10.5,0.082125,-9999,-9999,0.295,-0.95445,0.028222332,8.68628,-20.56625,0.185531401676985,1.9075,-9999,51.9765
24,11.5,0.0784545455,-9999,-9999,1.0855,3.954,0.028492236,28.4116,-18.73825,0.196910509666044,2.2285,-9999,92.315
24,12.5,0.1062386365,-9999,-9999,2.0495,5.1035,0.0767630085,40.2548,-17.114,0.208180608025313,2.2043,-9999,118.586
24,13.5,0.086897727,-9999,-9999,2.129,6.415,0.08653828725,37.593,-16.2135,0.232660357729253,2.11785,9.28214,124.597
24,14.5,0.079204545,-9999,-9999,1.706,2.904,0.096313566,21.4631,-15.6895,0.266912606020725,2.245,-9999,96.5452
24,15.5,0.0536363635,-9999,-9999,0.33035,-2.324,0.0811723855,1.19552,-15.8415,0.264893552681692,2.2941,-9999,49.8128
24,16.5,0.041602273,-9999,-9999,-0.15045,-5.811,0.066031205,-13.44365,-16.9495,0.228801879772988,1.92715,-9999,5.98568
24,17.5,0.0674772725,-9999,-9999,0.009535,-6.354,0.115715168,-17.6946,-18.1325,0.205353695893214,1.98265,9.24295,-0.134317
24,18.5,0.061511364,-9999,-9999,-0.04569,-4.447,0.060588778,-14.7122,-19.28425,0.194719114343944,2.067,-9999,-0.166827
24,19.5,0.0526363635,-9999,-9999,0.048105,-5.7,0.075175362,-15.884,-19.55225,0.193756681076726,2.2032,-9999,0.04706195
24,20.5,0.092,-9999,-9999,-0.01577,-6.341,0.044328321,-13.46135,-19.8845,0.188258798047349,2.12055,-9999,0.1682305
24,21.5,0.102625,-9999,-9999,-0.1028,-3.44,0.062992063,-17.82215,-20.28925,0.189671701328332,2.1624,9.25181,0.134784
24,22.5,0.0548295455,-9999,-9999,-0.1717,-8.1795,0.058163562,-16.36265,-20.3345,0.185933699868301,2.0636,-9999,0.08741465
24,23.5,0.028477273,-9999,-9999,0.1618,-3.823,0.040037482,-15.03975,-20.37575,0.183399091343491,1.97935,-9999,0.1509595
