DATE_ID,HOUR_ID,FC,SC,NEE,LE,H,USTAR,NETRAD,TA,VPD,WS,G,SWC,SW_IN,LW_IN,LW_OUT,SW_OUT
1,0.5,2.1519,0,2.1519,1.02473,-14.89085,0.1185625,-9999,5.816,1.12522274865032,1.66605,-9999,-9999,-2.3128,-9999,-9999,-9999
1,1.5,2.250425,0,2.250425,0.38726,-20.98455,0.11413,-9999,5.8055,0.966782732395142,1.66975,-9999,-9999,-2.7246,-9999,-9999,-9999
1,2.5,2.018925,0,2.018925,0.4265,-22.4614,0.10364,-9999,5.4025,0.857021241231937,1.45395,-9999,-9999,-2.730975,-9999,-9999,-9999
1,3.5,2.174025,0,2.174025,0.265265,-22.42035,0.1156925,-9999,5.713,0.9891666563333,1.467475,-9999,-9999,-2.54545,-9999,-9999,-9999
1,4.5,1.959425,0,1.959425,0.43661,-26.334725,0.1103025,-9999,5.3915,0.851428001382076,1.785475,-9999,-9999,-2.318675,-9999,-9999,-9999
1,5.5,1.476375,0,1.476375,0.555115,-18.5744,0.11418,-9999,5.43225,0.719859664970384,1.7628,-9999,-9999,3.097275,-9999,-9999,-9999
1,6.5,-0.2482,0,-0.2482,1.546025,-11.3584,0.1343925,-9999,5.6595,1.00846572167459,1.6337,-9999,-9999,26.84235,-9999,-9999,-9999
1,7.5,-1.9552,0,-1.9552,3.81585,-0.6568,0.14477,-9999,5.904,1.44743242569093,1.9672,-9999,-9999,69.255075,-9999,-9999,-9999
1,8.5,-3.8333,0,-3.8333,9.175425,10.54695,0.183205,-9999,6.59625,1.94468144401486,2.33755,-9999,-9999,133.031275,-9999,-9999,-9999
1,9.5,-5.4289,0,-5.4289,15.526075,16.1846,0.2051025,-9999,6.91825,1.85805391155285,2.679,-9999,-9999,191.537675,-9999,-9999,-9999
1,10.5,-7.028875,0,-7.028875,25.7703,41.650375,0.252525,-9999,7.367,2.24945066047526,3.1639,-9999,-9999,278.6187,-9999,-9999,-9999
1,11.5,-6.8642,0,-6.8642,24.94525,45.6169,0.282395,-9999,7.331,2.50231908336399,3.3716,-9999,-9999,297.5442,-9999,-9999,-9999
1,12.5,-6.88325,0,-6.88325,31.2631,37.5196,0.32087,-9999,7.601,2.13427920665682,4.189225,-9999,-9999,301.9764,-9999,-9999,-9999
1,13.5,-6.78,0,-6.78,46.9179,46.447875,0.31081,-9999,7.6185,2.41757365228403,4.032725,-9999,-9999,290.199825,-9999,-9999,-9999
1,14.5,-6.6584,0,-6.6584,64.083,45.57245,0.27306,-9999,7.412,2.43657977205452,3.8912,-9999,-9999,316.650175,-9999,-9999,-9999
1,15.5,-5.642975,0,-5.642975,45.3984,35.196,0.24549,-9999,7.5105,2.42332825492215,3.17895,-9999,-9999,215.670275,-9999,-9999,-9999
1,16.5,-5.089925,0,-5.089925,32.1424,27.339275,0.1969025,-9999,7.61075,2.28473641831356,2.45225,-9999,-9999,226.600925,-9999,-9999,-9999
1,17.5,-4.225,0,-4.225,25.32745,21.75125,0.1634575,-9999,7.643,2.58423258056365,2.129125,-9999,-9999,177.51085,-9999,-9999,-9999
1,18.5,-2.9911,0,-2.9911,19.1525,21.5226,0.15787,-9999,7.4505,2.2128520746536,2.024,-9999,-9999,106.265125,-9999,-9999,-9999
1,19.5,-1.3558,0,-1.3558,12.0189,7.827675,0.1372,-9999,7.293,2.14831120513121,1.699275,-9999,-9999,60.83855,-9999,-9999,-9999
1,20.5,0.37923,0,0.37923,6.9153,1.5757,0.11155,-9999,7.08125,2.04788377084307,1.3815,-9999,-9999,29.640575,-9999,-9999,-9999
1,21.5,1.5577,0,1.5577,3.2581,-4.8722,0.111495,-9999,6.895,1.76607244442037,1.22075,-9999,-9999,4.985125,-9999,-9999,-9999
1,22.5,1.971575,0,1.971575,1.2302,-15.3255,0.1251775,-9999,6.491,1.45533175987541,1.7124,-9999,-9999,-1.8372,-9999,-9999,-9999
1,23.5,2.0306,0,2.0306,2.124025,-19.361475,0.15066,-9999,6.14775,1.35280731317157,1.8603,-9999,-9999,-2.4846,-9999,-9999,-9999
2,0.5,2.0987,0,2.0987,1.4051,-39.154,0.14768,-9999,6.32075,1.01289491508548,1.7817,-9999,-9999,-3.369525,-9999,-9999,-9999
2,1.5,2.329325,0,2.329325,2.2702,-40.6122,0.184315,-9999,6.65375,1.19326474541966,2.335025,-9999,-9999,-3.052475,-9999,-9999,-9999
2,2.5,2.20765,0,2.20765,0.5827825,-46.843625,0.1645075,-9999,7.11125,1.53954894182936,2.319075,-9999,-9999,-3.2283,-9999,-9999,-9999
2,3.5,1.53352,0,1.53352,1.49445,-44.52445,0.0975975,-9999,7.0895,1.761872180853,1.905075,-9999,-9999,-3.56285,-9999,-9999,-9999
2,4.5,0.85939,0,0.85939,1.689425,-36.535625,0.1060175,-9999,5.90275,1.45563923172156,1.39885,-9999,-9999,-3.576,-9999,-9999,-9999
2,5.5,0.18526,0,0.18526,0.93345,-35.3968,0.12301,-9999,5.51,1.60125308999351,1.9276,-9999,-9999,-1.125675,-9999,-9999,-9999
2,6.5,-0.48887,0,-0.48887,1.59865,-24.21505,0.10206,-9999,6.5045,1.39740868818594,1.4612,-9999,-9999,15.67465,-9999,-9999,-9999
2,7.5,-1.163,0,-1.163,5.8852,-9.4319,0.112565,-9999,7.289,1.70769450969062,1.695125,-9999,-9999,56.42045,-9999,-9999,-9999
2,8.5,-3.6449,0,-3.6449,16.0973,1.6334,0.15138,-9999,8.3225,2.84400067155287,2.1834,-9999,-9999,109.751725,-9999,-9999,-9999
2,9.5,-4.8317,0,-4.8317,42.202725,6.772625,0.189905,-9999,8.565,3.2620412603368,2.532,-9999,-9999,152.127125,-9999,-9999,-9999
2,10.5,-6.203175,0,-6.203175,55.46645,26.169175,0.2589225,-9999,9.2775,3.50838858835029,3.20335,-9999,-9999,237.9923,-9999,-9999,-9999
2,11.5,-5.677475,0,-5.677475,65.25875,61.50925,0.234575,-9999,9.6,3.51140679795189,3.4034,-9999,-9999,334.7997,-9999,-9999,-9999
2,12.5,-5.8924,0,-5.8924,85.4773,56.6915,0.26487,-9999,10.4325,4.17025750987007,3.2215,-9999,-9999,322.50465,-9999,-9999,-9999
2,13.5,-6.12165,0,-6.12165,81.4755,52.954675,0.29684,-9999,9.9375,4.09161436170878,3.50175,-9999,-9999,281.341825,-9999,-9999,-9999
2,14.5,-5.7825,0,-5.7825,72.587025,32.7192,0.282635,-9999,9.6725,3.5663498407973,3.734075,-9999,-9999,286.553225,-9999,-9999,-9999
2,15.5,-5.0746,0,-5.0746,44.2036,9.7743,0.28098,-9999,9.2675,3.40501545652961,3.8174,-9999,-9999,217.260875,-9999,-9999,-9999
2,16.5,-4.196375,0,-4.196375,48.0996,5.8685,0.23522,-9999,9.54,3.2425919524971,3.2669,-9999,-9999,171.66035,-9999,-9999,-9999
2,17.5,-3.546825,0,-3.546825,25.186,6.256975,0.23211,-9999,8.93,2.88970468694237,3.095325,-9999,-9999,131.38645,-9999,-9999,-9999
2,18.5,-2.2691,0,-2.2691,19.422825,10.86505,0.20432,-9999,8.91,2.31180179771965,3.026725,-9999,-9999,115.38735,-9999,-9999,-9999
2,19.5,-1.500525,0,-1.500525,12.0921,-3.6071,0.2337175,-9999,8.8625,2.0865048418777,3.422025,-9999,-9999,61.326375,-9999,-9999,-9999
2,20.5,0.2728275,0,0.2728275,9.059875,-16.833325,0.2124975,-9999,8.7125,2.06248724282647,2.384525,-9999,-9999,20.9793,-9999,-9999,-9999
2,21.5,1.8574,0,1.8574,7.1422,-40.286225,0.17514,-9999,8.345,1.88759166584112,2.3608,-9999,-9999,0.8119775,-9999,-9999,-9999
2,22.5,2.39155,0,2.39155,3.714475,-35.517725,0.17787,-9999,7.25575,1.57461715499296,2.264525,-9999,-9999,-3.077175,-9999,-9999,-9999
2,23.5,2.09975,0,2.09975,2.9858,-33.7755,0.15385,-9999,6.92725,1.21189159849832,1.8169,-9999,-9999,-3.187225,-9999,-9999,-9999
3,0.5,2.43755,0,2.43755,0.6183475,-43.159,0.1313475,-9999,6.428225,1.42254690127296,2.0833,-9999,-9999,-2.88835,-9999,-9999,-9999
3,1.5,2.35605,0,2.35605,0.55982,-42.3532,0.1303325,-9999,6.26575,1.34792713257496,1.819875,-9999,-9999,-3.2106,-9999,-9999,-9999
3,2.5,2.342625,0,2.342625,1.6489,-39.7513,0.1328,-9999,6.416725,1.61149972949117,1.767725,-9999,-9999,-3.11245,-9999,-9999,-9999
3,3.5,2.1583,0,2.1583,1.17205,-38.268375,0.14479,-9999,6.410725,1.37993858949495,2.06845,-9999,-9999,-3.562625,-9999,-9999,-9999
3,4.5,2.324325,0,2.324325,0.931,-43.0901,0.14723,-9999,6.12225,1.27970331711588,2.24465,-9999,-9999,-3.35025,-9999,-9999,-9999
3,5.5,2.0942,0,2.0942,0.485415,-40.7634,0.132,-9999,5.985525,1.26932987961002,2.019625,-9999,-9999,-3.05055,-9999,-9999,-9999
3,6.5,1.12415,0,1.12415,0.3704225,-37.20835,0.13235,-9999,6.073375,1.13628463319373,2.0036,-9999,-9999,2.87365,-9999,-9999,-9999
3,7.5,-0.97618,0,-0.97618,3.47055,-24.6783,0.1330425,-9999,6.4615,1.15924229017131,1.702225,-9999,-9999,35.30005,-9999,-9999,-9999
3,8.5,-3.2258,0,-3.2258,13.1742,-8.9352,0.15506,-9999,7.4981,2.11036187355465,2.034,-9999,-9999,104.592025,-9999,-9999,-9999
3,9.5,-5.3173,0,-5.3173,23.325125,5.194925,0.2317625,-9999,8.2206,2.82846956697024,2.928875,-9999,-9999,169.70805,-9999,-9999,-9999
3,10.5,-6.61435,0,-6.61435,40.99735,19.8982,0.24457,-9999,8.63725,3.08889656173209,3.1456,-9999,-9999,235.064775,-9999,-9999,-9999
3,11.5,-6.9155,0,-6.9155,52.4911,32.3816,0.228695,-9999,9.09375,3.02473173203075,2.8924,-9999,-9999,297.048525,-9999,-9999,-9999
3,12.5,-7.046575,0,-7.046575,72.458975,36.6871,0.21581,-9999,9.886025,3.27764921430691,2.268575,-9999,-9999,269.8713,-9999,-9999,-9999
3,13.5,-6.759525,0,-6.759525,87.34665,38.796325,0.21535,-9999,9.884025,3.57672801747738,2.678425,-9999,-9999,260.9324,-9999,-9999,-9999
3,14.5,-6.682775,0,-6.682775,82.152325,34.727225,0.2095,-9999,9.411575,3.73482915241954,2.4763,-9999,-9999,255.362275,-9999,-9999,-9999
3,15.5,-6.57115,0,-6.57115,82.837375,32.535725,0.227925,-9999,9.760975,3.40805407188549,2.71185,-9999,-9999,228.3172,-9999,-9999,-9999
3,16.5,-5.6317,0,-5.6317,61.1783,19.3373,0.254195,-9999,10.3253,3.38297119584124,2.943275,-9999,-9999,180.93925,-9999,-9999,-9999
3,17.5,-4.778075,0,-4.778075,46.888,11.764,0.245885,-9999,10.04725,3.21316556940994,2.921025,-9999,-9999,117.0412,-9999,-9999,-9999
3,18.5,-3.472825,0,-3.472825,27.9231,-4.225975,0.2417125,-9999,9.586675,3.16371839457601,2.92665,-9999,-9999,82.06725,-9999,-9999,-9999
3,19.5,-1.245,0,-1.245,15.979,-22.2051,0.207785,-9999,9.246275,2.98409804928488,2.44345,-9999,-9999,53.136925,-9999,-9999,-9999
3,20.5,0.7424825,0,0.7424825,7.580875,-35.262725,0.19904,-9999,8.778825,2.59484362557607,2.56445,-9999,-9999,11.1691,-9999,-9999,-9999
3,21.5,2.1685,0,2.1685,3.5092,-33.1246,0.14971,-9999,8.028425,2.00981682788623,2.0209,-9999,-9999,-2.04575,-9999,-9999,-9999
3,22.5,2.325575,0,2.325575,2.6863,-42.36295,0.1724225,-9999,7.25545,1.47578062862435,1.74775,-9999,-9999,-3.097175,-9999,-9999,-9999
3,23.5,2.34825,0,2.34825,1.840875,-44.167025,0.133225,-9999,6.8525,1.32024325279498,1.7838,-9999,-9999,-3.0879,-9999,-9999,-9999
4,0.5,2.217075,0,2.217075,0.3472925,-43.295875,0.11746,-9999,5.951625,1.09478963992958,1.7541,-9999,-9999,-3.9307,-9999,-9999,-9999
4,1.5,2.0695,0,2.0695,0.60824,-44.4594,0.13207,-9999,5.74275,1.01754028066336,1.880625,-9999,-9999,-3.57775,-9999,-9999,-9999
4,2.5,2.270375,0,2.270375,0.543425,-39.966,0.14876,-9999,5.851,1.23979138262086,2.0065,-9999,-9999,-3.418325,-9999,-9999,-9999
4,3.5,2.153875,0,2.153875,1.195925,-43.8468,0.1480125,-9999,5.54575,1.16891000071673,2.41625,-9999,-9999,-3.502275,-9999,-9999,-9999
4,4.5,2.091475,0,2.091475,0.60879,-40.2893,0.1539425,-9999,5.68705,1.16006614400244,2.4141,-9999,-9999,-3.3972,-9999,-9999,-9999
4,5.5,1.994275,0,1.994275,0.46283,-43.968275,0.155015,-9999,5.70025,1.17644380988253,2.36055,-9999,-9999,-3.3026,-9999,-9999,-9999
4,6.5,1.8347,0,1.8347,0.89616,-42.376625,0.15082,-9999,5.6378,1.34047370247928,2.3933,-9999,-9999,-1.312725,-9999,-9999,-9999
4,7.5,0.19022,0,0.19022,2.1143,-33.46665,0.1674925,-9999,5.576525,1.48324803479467,2.39265,-9999,-9999,15.641375,-9999,-9999,-9999
4,8.5,-2.11105,0,-2.11105,6.2584,-17.769,0.1592075,-9999,7.219275,1.79111668368878,2.166175,-9999,-9999,63.27755,-9999,-9999,-9999
4,9.5,-4.418575,0,-4.418575,16.5882,-1.7194,0.17146,-9999,8.07375,2.61889338591445,2.2749,-9999,-9999,125.515975,-9999,-9999,-9999
4,10.5,-5.5605,0,-5.5605,28.05275,10.145525,0.18524,-9999,8.800775,2.92775652502756,2.2406,-9999,-9999,197.106175,-9999,-9999,-9999
4,11.5,-6.5104,0,-6.5104,33.38675,10.911825,0.20266,-9999,9.5925,3.27335316270782,2.1858,-9999,-9999,214.946825,-9999,-9999,-9999
4,12.5,-6.525725,0,-6.525725,49.690625,24.173075,0.215395,-9999,9.42475,3.76003412714495,2.806075,-9999,-9999,217.443525,-9999,-9999,-9999
4,13.5,-6.5145,0,-6.5145,67.0336,28.1259,0.2537275,-9999,9.59805,3.66981363814324,3.275525,-9999,-9999,260.118825,-9999,-9999,-9999
4,14.5,-6.2718,0,-6.2718,63.0345,30.1227,0.23739,-9999,9.27775,3.69918516624862,3.2676,-9999,-9999,232.043175,-9999,-9999,-9999
4,15.5,-5.505,0,-5.505,45.248675,17.60055,0.24412,-9999,9.39815,3.6376527549271,3.020875,-9999,-9999,196.42075,-9999,-9999,-9999
4,16.5,-4.0756,0,-4.0756,30.682175,6.38235,0.23441,-9999,9.514225,3.63514308125839,2.876525,-9999,-9999,131.09705,-9999,-9999,-9999
4,17.5,-3.737675,0,-3.737675,32.1941,0.7593,0.24801,-9999,9.6635,2.47805318703,3.0339,-9999,-9999,101.11675,-9999,-9999,-9999
4,18.5,-2.322875,0,-2.322875,18.2102,-11.369675,0.22289,-9999,9.3785,2.23764696493039,3.0004,-9999,-9999,52.664475,-9999,-9999,-9999
4,19.5,-0.29837,0,-0.29837,10.842075,-24.774725,0.15433,-9999,8.74585,2.20892380442331,2.2125,-9999,-9999,27.864325,-9999,-9999,-9999
4,20.5,1.5569,0,1.5569,3.7006,-40.496,0.169325,-9999,8.1603,1.98342788155995,2.2436,-9999,-9999,0.34428,-9999,-9999,-9999
4,21.5,2.07955,0,2.07955,3.233525,-45.276425,0.16806,-9999,7.5251,1.39051443760431,2.074025,-9999,-9999,-3.2691,-9999,-9999,-9999
4,22.5,2.06025,0,2.06025,0.61866,-42.652975,0.12709,-9999,6.80065,1.35163867422055,1.804675,-9999,-9999,-3.4217,-9999,-9999,-9999
4,23.5,2.1275,0,2.1275,0.396195,-40.6037,0.12852,-9999,6.1141,1.1410488122329,1.89915,-9999,-9999,-3.5602,-9999,-9999,-9999
5,0.5,1.8205,0,1.8205,0.686615,-38.9398,0.13304,-9999,5.039,1.21989936301333,1.936,-9999,-9999,-3.4418,-9999,-9999,-9999
5,1.5,1.841,0,1.841,0.46589,-45.74005,0.132995,-9999,5.00825,1.3420882995917,2.10325,-9999,-9999,-3.41645,-9999,-9999,-9999
5,2.5,1.747375,0,1.747375,0.42042,-45.6945,0.127395,-9999,4.49575,1.27273342513231,2.10205,-9999,-9999,-3.552375,-9999,-9999,-9999
5,3.5,1.80105,0,1.80105,0.3202825,-40.655575,0.112615,-9999,4.212125,1.34103942173622,1.892075,-9999,-9999,-3.420575,-9999,-9999,-9999
5,4.5,1.9476,0,1.9476,0.1216565,-44.0486,0.123705,-9999,4.6005,1.02825580848219,1.94905,-9999,-9999,-3.471275,-9999,-9999,-9999
5,5.5,1.878275,0,1.878275,-0.100797,-39.320275,0.12169,-9999,4.47575,0.96370229526731,1.9284,-9999,-9999,-3.573475,-9999,-9999,-9999
5,6.5,1.72625,0,1.72625,0.001321425,-40.068875,0.1181725,-9999,4.14125,0.964777904977244,1.7567,-9999,-9999,-2.75185,-9999,-9999,-9999
5,7.5,1.080325,0,1.080325,0.380215,-29.7523,0.125525,-9999,4.2655,0.998245808511276,1.872,-9999,-9999,2.973875,-9999,-9999,-9999
5,8.5,-0.515545,0,-0.515545,3.0188,-23.140275,0.153405,-9999,5.247725,1.19243794411182,2.2041,-9999,-9999,36.457475,-9999,-9999,-9999
5,9.5,-2.81705,0,-2.81705,6.7432,-9.3013,0.15356,-9999,6.357,1.75577396331821,1.9819,-9999,-9999,83.92345,-9999,-9999,-9999
5,10.5,-4.6533,0,-4.6533,16.0114,6.482,0.19257,-9999,7.042,2.47618120958531,2.4399,-9999,-9999,144.349,-9999,-9999,-9999
5,11.5,-6.1532,0,-6.1532,22.57345,14.94325,0.22511,-9999,7.65,2.80727807264262,2.7419,-9999,-9999,188.0167,-9999,-9999,-9999
5,12.5,-6.2753,0,-6.2753,35.4546,21.9718,0.212125,-9999,7.85425,3.05217959772915,2.9181,-9999,-9999,215.086075,-9999,-9999,-9999
5,13.5,-6.2151,0,-6.2151,37.45085,34.41605,0.2345725,-9999,7.942,3.22125943428472,3.22235,-9999,-9999,283.763,-9999,-9999,-9999
5,14.5,-5.423975,0,-5.423975,37.093,29.9145,0.2518475,-9999,8.32,3.3612101595324,3.308825,-9999,-9999,232.941275,-9999,-9999,-9999
5,15.5,-5.1958,0,-5.1958,42.55845,23.38025,0.22,-9999,8.355,3.28305730482022,2.879875,-9999,-9999,214.1912,-9999,-9999,-9999
5,16.5,-4.56075,0,-4.56075,28.905725,15.111925,0.2138475,-9999,8.021575,2.95149550811065,2.4568,-9999,-9999,161.678575,-9999,-9999,-9999
5,17.5,-3.2095,0,-3.2095,17.9607,3.2653,0.20323,-9999,7.8115,2.683169248335,2.9637,-9999,-9999,88.027225,-9999,-9999,-9999
5,18.5,-1.3407,0,-1.3407,10.67025,-12.71165,0.19044,-9999,7.6995,2.54179511089426,2.4521,-9999,-9999,44.87605,-9999,-9999,-9999
5,19.5,0.654895,0,0.654895,3.57785,-24.214175,0.139845,-9999,7.3617,2.43074644797544,1.79015,-9999,-9999,10.395075,-9999,-9999,-9999
5,20.5,1.8841,0,1.8841,0.729165,-33.9699,0.09065425,-9999,6.59475,2.13666597962706,1.356525,-9999,-9999,-2.739475,-9999,-9999,-9999
5,21.5,1.896425,0,1.896425,0.80723,-30.93075,0.092487,-9999,5.7185,1.75695412316276,1.3873,-9999,-9999,-3.484325,-9999,-9999,-9999
5,22.5,1.96705,0,1.96705,0.740325,-37.37835,0.101715,-9999,5.439275,1.36758342665149,1.55065,-9999,-9999,-3.3987,-9999,-9999,-9999
5,23.5,1.9172,0,1.9172,1.0918,-40.18195,0.1162625,-9999,5.215275,1.16003788984769,1.7393,-9999,-9999,-3.114025,-9999,-9999,-9999
6,0.5,1.7605,0,1.7605,0.52119,-50.2022,0.147595,-9999,6.0975,1.45430564309367,2.36095,-9999,-9999,-3.4886,-9999,-9999,-9999
6,1.5,1.8208,0,1.8208,-0.0708325,-51.0768,0.16606,-9999,6.04075,1.27322700102834,2.4523,-9999,-9999,-3.627025,-9999,-9999,-9999
6,2.5,1.74755,0,1.74755,-0.10994,-43.6828,0.1597925,-9999,5.94425,1.43809379459139,2.30685,-9999,-9999,-3.669125,-9999,-9999,-9999
6,3.5,1.805975,0,1.805975,-0.0272475,-49.7345,0.15421,-9999,5.5861,1.38041421183805,2.2886,-9999,-9999,-3.6564,-9999,-9999,-9999
6,4.5,1.8473,0,1.8473,0.11881,-46.053025,0.17043,-9999,5.36675,1.45983472827127,2.6419,-9999,-9999,-3.5372,-9999,-9999,-9999
6,5.5,1.7261,0,1.7261,0.66367,-43.964075,0.17624,-9999,4.859725,1.40984845001692,2.6498,-9999,-9999,-3.187,-9999,-9999,-9999
6,6.5,1.7812,0,1.7812,0.35065,-43.4628,0.158785,-9999,4.94325,1.14312147255652,2.43815,-9999,-9999,-3.036525,-9999,-9999,-9999
6,7.5,1.4767,0,1.4767,0.26898,-47.64355,0.13541,-9999,4.5027,0.913019874787766,2.0975,-9999,-9999,-1.1526,-9999,-9999,-9999
6,8.5,0.017615,0,0.017615,0.40622,-42.9472,0.14288,-9999,5.1082,1.00488401412723,1.95325,-9999,-9999,19.106575,-9999,-9999,-9999
6,9.5,-1.782025,0,-1.782025,4.0872,-22.4287,0.17553,-9999,6.61525,1.40692883456249,2.26505,-9999,-9999,66.177725,-9999,-9999,-9999
6,10.5,-3.5774,0,-3.5774,9.7698,-3.986675,0.18817,-9999,8.0965,2.08554853316906,2.3181,-9999,-9999,130.537,-9999,-9999,-9999
6,11.5,-4.536425,0,-4.536425,16.9168,6.736475,0.182755,-9999,9.1125,2.76990159190572,2.62105,-9999,-9999,170.82695,-9999,-9999,-9999
6,12.5,-4.8532,0,-4.8532,19.43435,10.60025,0.21929,-9999,9.2,2.51690857232578,2.9155,-9999,-9999,183.866175,-9999,-9999,-9999
6,13.5,-5.3275,0,-5.3275,35.817,14.004225,0.2001375,-9999,9.62,2.94080037186921,2.6895,-9999,-9999,204.065475,-9999,-9999,-9999
6,14.5,-4.43195,0,-4.43195,29.0593,8.8047,0.1957,-9999,9.66,3.36564715744056,2.5848,-9999,-9999,202.586675,-9999,-9999,-9999
6,15.5,-4.40085,0,-4.40085,35.8171,4.9897,0.18717,-9999,9.83,3.32636234684485,2.251925,-9999,-9999,179.735025,-9999,-9999,-9999
6,16.5,-3.27775,0,-3.27775,30.91835,-7.765075,0.185245,-9999,10.1275,3.31301896285954,2.3881,-9999,-9999,125.350925,-9999,-9999,-9999
6,17.5,-2.06285,0,-2.06285,23.52805,-20.5717,0.2283825,-9999,9.58,3.57061515600719,2.443225,-9999,-9999,74.838325,-9999,-9999,-9999
6,18.5,-0.024653,0,-0.024653,8.225875,-37.76375,0.202775,-9999,9.38785,2.93054396728896,2.73855,-9999,-9999,30.2445,-9999,-9999,-9999
6,19.5,1.5744,0,1.5744,3.9366,-48.61595,0.1818825,-9999,8.818175,2.04456300273222,2.367975,-9999,-9999,-1.151625,-9999,-9999,-9999
6,20.5,1.7261,0,1.7261,2.0362,-47.0494,0.145425,-9999,7.23475,1.7530582443295,2.14475,-9999,-9999,-3.329375,-9999,-9999,-9999
6,21.5,1.7812,0,1.7812,0.97922,-51.6803,0.13012,-9999,7.224,1.70987879311896,1.9197,-9999,-9999,-3.280425,-9999,-9999,-9999
6,22.5,1.7099,0,1.7099,1.0456,-39.3657,0.1395375,-9999,6.72075,1.5114421170181,1.83905,-9999,-9999,-3.40305,-9999,-9999,-9999
6,23.5,1.69145,0,1.69145,0.3381,-46.90925,0.12638,-9999,6.39925,1.37665752769442,1.9149,-9999,-9999,-3.3697,-9999,-9999,-9999
7,0.5,1.493175,0,1.493175,0.35337,-42.6073,0.17963,-9999,4.17625,1.22804061756493,2.94775,-9999,-9999,-2.861925,-9999,-9999,-9999
7,1.5,1.5108,0,1.5108,0.00359,-45.2069,0.15304,-9999,3.63975,1.13034948198125,2.36365,-9999,-9999,-2.943075,-9999,-9999,-9999
7,2.5,1.4966,0,1.4966,-0.038864,-40.58195,0.13426,-9999,3.66875,1.15417974181136,2.2252,-9999,-9999,-2.81075,-9999,-9999,-9999
7,3.5,1.425875,0,1.425875,-0.01024255,-42.995475,0.167865,-9999,3.623,1.35327089576117,2.72715,-9999,-9999,-2.8414,-9999,-9999,-9999
7,4.5,1.54135,0,1.54135,0.14301,-43.1031,0.17238,-9999,3.97675,1.41183420601621,2.545475,-9999,-9999,-2.9687,-9999,-9999,-9999
7,5.5,1.4645,0,1.4645,0.22268,-43.1732,0.1859425,-9999,3.53675,1.32355592500218,3.055875,-9999,-9999,-2.871275,-9999,-9999,-9999
7,6.5,1.4918,0,1.4918,-0.00636995,-43.318975,0.17336,-9999,3.97275,1.18750216772522,2.7724,-9999,-9999,-2.95965,-9999,-9999,-9999
7,7.5,1.5189,0,1.5189,0.0062104,-45.4409,0.17839,-9999,3.96125,1.2446529928978,2.68695,-9999,-9999,-2.25025,-9999,-9999,-9999
7,8.5,0.7941225,0,0.7941225,0.26725,-36.3714,0.2009,-9999,4.29875,1.22584972740356,2.71425,-9999,-9999,2.1672,-9999,-9999,-9999
7,9.5,-0.685955,0,-0.685955,0.723775,-26.8776,0.1875775,-9999,4.7215,1.40845816588011,2.7154,-9999,-9999,30.558925,-9999,-9999,-9999
7,10.5,-1.982175,0,-1.982175,2.4158,-16.4017,0.18563,-9999,5.13175,1.92412320906462,2.350575,-9999,-9999,67.87185,-9999,-9999,-9999
7,11.5,-3.256,0,-3.256,4.377775,-7.883975,0.1926,-9999,6.028,1.89092437506365,2.273,-9999,-9999,89.177025,-9999,-9999,-9999
7,12.5,-3.76,0,-3.76,6.852675,-6.14215,0.21206,-9999,6.2195,2.17169090481283,2.6338,-9999,-9999,109.842375,-9999,-9999,-9999
7,13.5,-3.9995,0,-3.9995,9.6093,2.5837,0.22494,-9999,6.5515,2.1036084594779,2.8805,-9999,-9999,119.966825,-9999,-9999,-9999
7,14.5,-4.0721,0,-4.0721,10.91965,-0.148865,0.24367,-9999,6.8655,2.44008217232227,3.31,-9999,-9999,122.63435,-9999,-9999,-9999
7,15.5,-3.43165,0,-3.43165,10.6746,-2.3819,0.23332,-9999,6.802,2.686298590765,3.048475,-9999,-9999,100.6564,-9999,-9999,-9999
7,16.5,-2.5356,0,-2.5356,5.742625,-12.102375,0.2494425,-9999,5.97925,2.3591597693707,3.4494,-9999,-9999,61.2674,-9999,-9999,-9999
7,17.5,-1.122,0,-1.122,3.457525,-25.497575,0.20947,-9999,5.90225,2.08673633682727,2.9051,-9999,-9999,29.409225,-9999,-9999,-9999
7,18.5,0.75824,0,0.75824,1.0768,-33.813225,0.177495,-9999,5.1675,1.86005382049363,2.467625,-9999,-9999,2.43025,-9999,-9999,-9999
7,19.5,1.34105,0,1.34105,0.2094525,-40.26305,0.215515,-9999,4.9885,1.51297612026008,3.0354,-9999,-9999,-2.7735,-9999,-9999,-9999
7,20.5,1.553775,0,1.553775,0.1861425,-47.820775,0.1711425,-9999,4.7335,1.4066394823035,2.45755,-9999,-9999,-3.23825,-9999,-9999,-9999
7,21.5,1.4381,0,1.4381,0.2724725,-44.142,0.15404,-9999,4.55225,1.37319319232224,2.397,-9999,-9999,-3.0348,-9999,-9999,-9999
7,22.5,1.39175,0,1.39175,0.1389975,-46.8475,0.18016,-9999,4.30425,1.11635854745711,2.6369,-9999,-9999,-2.75785,-9999,-9999,-9999
7,23.5,1.46,0,1.46,-0.00606175,-44.007325,0.1741575,-9999,4.165,1.24928447923553,2.5206,-9999,-9999,-2.9096,-9999,-9999,-9999
8,0.5,1.15175,0,1.15175,0.000964891,-37.8515,0.1401775,-9999,2.75625,1.14484983702125,1.882575,-9999,-9999,-3.2907,-9999,-9999,-9999
8,1.5,1.16035,0,1.16035,-0.090632,-41.5421,0.137875,-9999,2.3485,1.03258670340807,2.19735,-9999,-9999,-3.5869,-9999,-9999,-9999
8,2.5,1.0411,0,1.0411,0.17617,-36.5562,0.1169475,-9999,2.07225,0.87191992087778,2.115,-9999,-9999,-3.306275,-9999,-9999,-9999
8,3.5,1.047575,0,1.047575,0.134285,-35.95115,0.15393,-9999,1.947,0.827374022926658,2.4355,-9999,-9999,-2.645675,-9999,-9999,-9999
8,4.5,1.23005,0,1.23005,-0.0713735,-39.109,0.1580475,-9999,2.21425,0.960000183471043,2.653225,-9999,-9999,-2.564,-9999,-9999,-9999
8,5.5,1.2289,0,1.2289,-0.12379,-40.1963,0.171065,-9999,2.03275,0.947818208321555,2.59055,-9999,-9999,-2.62755,-9999,-9999,-9999
8,6.5,1.135225,0,1.135225,0.1606825,-37.1085,0.139815,-9999,2.10225,1.08787044254148,2.304425,-9999,-9999,-2.948525,-9999,-9999,-9999
8,7.5,1.0903,0,1.0903,0.06873,-35.41315,0.14025,-9999,1.69325,1.13314837187417,2.3775,-9999,-9999,-3.33335,-9999,-9999,-9999
8,8.5,0.965955,0,0.965955,-0.10812875,-36.92955,0.1620375,-9999,1.91125,1.24585577480915,2.4795,-9999,-9999,-1.0176825,-9999,-9999,-9999
8,9.5,-0.051813,0,-0.051813,0.27642,-32.073225,0.1972175,-9999,2.297,1.36101337364693,2.39185,-9999,-9999,17.1273,-9999,-9999,-9999
8,10.5,-1.069175,0,-1.069175,1.47555,-22.4994,0.18286,-9999,3.38025,1.59452894591783,2.3654,-9999,-9999,52.590875,-9999,-9999,-9999
8,11.5,-1.78,0,-1.78,3.6617,-15.01655,0.2142025,-9999,4.0055,2.11960977196301,2.648775,-9999,-9999,86.02025,-9999,-9999,-9999
8,12.5,-2.025325,0,-2.025325,4.7904,-12.3517,0.2073,-9999,3.776,1.89299681275116,2.8993,-9999,-9999,105.73955,-9999,-9999,-9999
8,13.5,-2.48505,0,-2.48505,5.01365,-11.3567,0.23306,-9999,4.34125,1.9412008751954,3.1571,-9999,-9999,105.90405,-9999,-9999,-9999
8,14.5,-2.3946,0,-2.3946,4.12385,-9.598125,0.23428,-9999,4.3245,1.83085145827244,2.9395,-9999,-9999,107.383375,-9999,-9999,-9999
8,15.5,-1.8872,0,-1.8872,4.85335,-11.603025,0.21156,-9999,4.27075,1.98661723543186,2.9281,-9999,-9999,80.29365,-9999,-9999,-9999
8,16.5,-1.07175,0,-1.07175,2.6796,-19.64715,0.18554,-9999,3.95575,1.70497842487458,2.4421,-9999,-9999,46.002275,-9999,-9999,-9999
8,17.5,-0.0262515,0,-0.0262515,0.63202,-29.9211,0.22333,-9999,3.87325,1.50758410317438,2.454375,-9999,-9999,15.60465,-9999,-9999,-9999
8,18.5,1.0321,0,1.0321,0.4316875,-36.680575,0.19066,-9999,3.50125,1.49293921476577,2.5532,-9999,-9999,-1.636825,-9999,-9999,-9999
8,19.5,1.05635,0,1.05635,0.703,-36.9268,0.178465,-9999,3.08525,1.40417259590802,2.54385,-9999,-9999,-3.193375,-9999,-9999,-9999
8,20.5,1.034725,0,1.034725,0.24588,-44.0279,0.1511625,-9999,2.65,1.27057395238923,2.171225,-9999,-9999,-3.01765,-9999,-9999,-9999
8,21.5,1.09305,0,1.09305,0.10121,-41.3763,0.1360575,-9999,2.8,1.20893944260182,2.059125,-9999,-9999,-2.660775,-9999,-9999,-9999
8,22.5,1.1483,0,1.1483,0.15121,-39.303775,0.1458475,-9999,3.0825,1.1396510675967,2.178675,-9999,-9999,-3.128975,-9999,-9999,-9999
8,23.5,1.093375,0,1.093375,0.02061825,-43.7586,0.14378,-9999,2.82675,1.17359372191904,2.1324,-9999,-9999,-3.173475,-9999,-9999,-9999
9,0.5,1.034025,0,1.034025,-0.12743,-36.2945,0.1212175,-9999,3.58225,0.946971420268343,1.984075,-9999,-9999,-2.355175,-9999,-9999,-9999
9,1.5,0.981105,0,0.981105,-0.0783215,-37.0047,0.1227,-9999,3.335,0.927312325005725,1.9185,-9999,-9999,-2.605775,-9999,-9999,-9999
9,2.5,0.9669475,0,0.9669475,-0.10822575,-40.391,0.1109075,-9999,3.27825,0.961304139195446,1.76085,-9999,-9999,-2.49405,-9999,-9999,-9999
9,3.5,1.072,0,1.072,-0.34005,-37.6039,0.14516,-9999,3.58025,0.847601070494712,2.1836,-9999,-9999,-2.3866,-9999,-9999,-9999
9,4.5,1.0205,0,1.0205,-0.09105,-28.654025,0.1134475,-9999,3.14725,0.790775895969575,2.05795,-9999,-9999,-2.43885,-9999,-9999,-9999
9,5.5,1.0367,0,1.0367,-0.103893,-30.980225,0.117305,-9999,2.633,0.781925641442971,2.1571,-9999,-9999,-2.708775,-9999,-9999,-9999
9,6.5,1.0203,0,1.0203,-0.218065,-36.45525,0.1492,-9999,2.9115,0.90105378590248,2.24415,-9999,-9999,-2.85205,-9999,-9999,-9999
9,7.5,1.005975,0,1.005975,-0.17463,-35.3514,0.13868,-9999,2.90475,0.935869739281746,2.2637,-9999,-9999,-2.64865,-9999,-9999,-9999
9,8.5,0.9819475,0,0.9819475,-0.46263,-33.4292,0.14573,-9999,2.7845,0.989607479879572,2.3709,-9999,-9999,-2.153975,-9999,-9999,-9999
9,9.5,0.5234875,0,0.5234875,0.02115275,-34.623625,0.16034,-9999,2.93625,1.05095875757823,2.655125,-9999,-9999,3.63865,-9999,-9999,-9999
9,10.5,-0.1353785,0,-0.1353785,0.2612125,-24.832225,0.16023,-9999,3.61275,1.1760854091973,2.365675,-9999,-9999,22.75405,-9999,-9999,-9999
9,11.5,-0.94948,0,-0.94948,1.108275,-17.9905,0.17657,-9999,4.041,1.29108396864987,2.4488,-9999,-9999,52.5731,-9999,-9999,-9999
9,12.5,-1.4009,0,-1.4009,1.58865,-14.528425,0.159345,-9999,4.71025,1.5183753411253,2.350225,-9999,-9999,67.38695,-9999,-9999,-9999
9,13.5,-1.700675,0,-1.700675,1.9825,-8.7353,0.18023,-9999,4.8595,1.59210538558718,2.553025,-9999,-9999,73.518225,-9999,-9999,-9999
9,14.5,-1.401,0,-1.401,2.2633,-11.09605,0.1671,-9999,4.836,1.53087853837044,2.3698,-9999,-9999,69.27665,-9999,-9999,-9999
9,15.5,-1.177325,0,-1.177325,1.955,-18.6373,0.16979,-9999,4.7845,1.45056147229178,2.570275,-9999,-9999,44.45585,-9999,-9999,-9999
9,16.5,-0.48301,0,-0.48301,0.8609175,-23.54595,0.1301075,-9999,4.722,1.47144809408906,1.97155,-9999,-9999,25.57955,-9999,-9999,-9999
9,17.5,0.587245,0,0.587245,0.612,-31.14105,0.10481,-9999,4.4555,1.32581979440091,1.5902,-9999,-9999,1.647425,-9999,-9999,-9999
9,18.5,0.94093,0,0.94093,-0.023447,-30.7622,0.138525,-9999,3.79075,0.981310213716007,1.93395,-9999,-9999,-2.82365,-9999,-9999,-9999
9,19.5,1.0132,0,1.0132,-0.215635,-33.60165,0.1278,-9999,3.7095,0.98039121243116,2.11345,-9999,-9999,-2.9744,-9999,-9999,-9999
9,20.5,1.0040825,0,1.0040825,-0.045758,-28.6397,0.1264425,-9999,3.452,0.86034410822522,2.192125,-9999,-9999,-2.426,-9999,-9999,-9999
9,21.5,1.0127,0,1.0127,0.0193415,-31.294425,0.1201775,-9999,3.52275,0.889524764237244,1.9229,-9999,-9999,-2.38875,-9999,-9999,-9999
9,22.5,1.0709,0,1.0709,-0.213,-35.3553,0.11706,-9999,3.71725,0.967008153758066,2.0188,-9999,-9999,-2.722725,-9999,-9999,-9999
9,23.5,0.9717,0,0.9717,-0.018216025,-31.058725,0.12122,-9999,3.54025,0.898655976924499,2.0378,-9999,-9999,-2.437225,-9999,-9999,-9999
10,0.5,0.83317,0,0.83317,-0.3464075,-49.25265,0.1693675,-9999,1.68425,0.697575246932662,2.801875,-9999,-9999,-3.43115,-9999,-9999,-9999
10,1.5,0.81962,0,0.81962,-0.155095,-49.96875,0.16427,-9999,1.23425,0.561683559471033,2.4799,-9999,-9999,-3.499675,-9999,-9999,-9999
10,2.5,0.8368675,0,0.8368675,-0.0464075,-53.12365,0.1710125,-9999,1.32125,0.628995982904388,2.462625,-9999,-9999,-3.6709,-9999,-9999,-9999
10,3.5,0.79852,0,0.79852,-0.174585,-51.9782,0.171295,-9999,1.894,0.620330661748506,2.3911,-9999,-9999,-3.7509,-9999,-9999,-9999
10,4.5,0.7976175,0,0.7976175,-0.2951875,-45.566175,0.1241275,-9999,1.849,0.684525015082313,2.28685,-9999,-9999,-3.58435,-9999,-9999,-9999
10,5.5,0.7687275,0,0.7687275,-0.026798,-38.8933,0.13779,-9999,2.3155,0.715496793583145,2.3033,-9999,-9999,-3.5458,-9999,-9999,-9999
10,6.5,0.7600975,0,0.7600975,-0.109285,-42.03955,0.125755,-9999,2.03475,0.665108542109723,2.0148,-9999,-9999,-3.675025,-9999,-9999,-9999
10,7.5,0.700275,0,0.700275,-0.267585,-40.58305,0.11695,-9999,2.09875,0.762569456941512,2.205925,-9999,-9999,-3.730025,-9999,-9999,-9999
10,8.5,0.8375875,0,0.8375875,-0.1437525,-46.4734,0.119395,-9999,1.647,0.662206453537465,2.10485,-9999,-9999,-3.557325,-9999,-9999,-9999
10,9.5,0.56891,0,0.56891,0.252565,-44.0358,0.14277,-9999,1.61075,0.64284044048292,2.1916,-9999,-9999,-0.31672,-9999,-9999,-9999
10,10.5,-0.0514455,0,-0.0514455,0.156445,-40.110225,0.1471325,-9999,2.3425,0.755323035283709,2.28555,-9999,-9999,15.203875,-9999,-9999,-9999
10,11.5,-0.7226275,0,-0.7226275,1.1761,-31.57285,0.13823,-9999,2.9225,1.13111112391264,2.3173,-9999,-9999,38.7015,-9999,-9999,-9999
10,12.5,-1.2007,0,-1.2007,3.0698,-24.46625,0.151445,-9999,4.29775,1.46234457616314,2.57695,-9999,-9999,59.9337,-9999,-9999,-9999
10,13.5,-1.45855,0,-1.45855,4.5222,-21.3442,0.142785,-9999,4.331,1.90472429647145,2.2067,-9999,-9999,73.3801,-9999,-9999,-9999
10,14.5,-1.3385,0,-1.3385,3.6552,-28.803275,0.166035,-9999,4.5675,1.65189287248182,2.577,-9999,-9999,63.634525,-9999,-9999,-9999
10,15.5,-0.9257525,0,-0.9257525,3.3735,-38.4793,0.16626,-9999,4.3495,1.59524959756,2.9187,-9999,-9999,34.9912,-9999,-9999,-9999
10,16.5,-0.342595,0,-0.342595,1.0214075,-40.183175,0.16442,-9999,4.25675,1.50478313726483,2.3176,-9999,-9999,15.688025,-9999,-9999,-9999
10,17.5,0.731015,0,0.731015,0.28812,-50.7751,0.1519025,-9999,3.82225,1.25168067636025,2.19995,-9999,-9999,-1.2348,-9999,-9999,-9999
10,18.5,0.781305,0,0.781305,-0.083122,-41.148275,0.158435,-9999,3.62275,1.09051444959842,2.1247,-9999,-9999,-2.607575,-9999,-9999,-9999
10,19.5,0.881125,0,0.881125,-0.3815375,-45.92375,0.145835,-9999,3.2695,0.967991884276587,2.557075,-9999,-9999,-3.12815,-9999,-9999,-9999
10,20.5,0.8559725,0,0.8559725,-0.240745,-41.0817,0.1298,-9999,2.82875,0.784417846346401,2.3473,-9999,-9999,-2.427325,-9999,-9999,-9999
10,21.5,0.884315,0,0.884315,-0.272685,-46.2013,0.1187,-9999,2.30825,0.900226455533877,2.0573,-9999,-9999,-2.608025,-9999,-9999,-9999
10,22.5,0.8421075,0,0.8421075,-0.55199,-45.449,0.155725,-9999,2.0925,0.747028306813153,2.46025,-9999,-9999,-3.296275,-9999,-9999,-9999
10,23.5,0.7893075,0,0.7893075,-0.125835,-45.53895,0.1530475,-9999,1.93425,0.64737962960554,2.51015,-9999,-9999,-2.704175,-9999,-9999,-9999
11,0.5,0.66461,0,0.66461,-0.101211,-33.106475,0.12505,-9999,1.818,0.680599790169319,2.23555,-9999,-9999,-2.1508,-9999,-9999,-9999
11,1.5,0.599605,0,0.599605,-0.15989,-33.5176,0.13037,-9999,2.18125,0.838345363510613,2.4099,-9999,-9999,-2.2154,-9999,-9999,-9999
11,2.5,0.5457675,0,0.5457675,-0.037536,-33.7586,0.1200075,-9999,2.3005,0.957369389585324,2.135375,-9999,-9999,-2.169625,-9999,-9999,-9999
11,3.5,0.6085425,0,0.6085425,-0.066117,-38.7359,0.109295,-9999,1.52725,0.808365904212825,1.971775,-9999,-9999,-2.887325,-9999,-9999,-9999
11,4.5,0.587295,0,0.587295,-0.24704,-40.5532,0.12095,-9999,1.31175,0.673665708358229,2.2059,-9999,-9999,-2.63595,-9999,-9999,-9999
11,5.5,0.6975225,0,0.6975225,-0.34021,-36.2585,0.12373,-9999,1.613,0.715367669410679,2.1858,-9999,-9999,-2.625175,-9999,-9999,-9999
11,6.5,0.54466,0,0.54466,0.0501675,-41.45645,0.1293975,-9999,1.40975,0.629522660202097,2.040275,-9999,-9999,-2.9152,-9999,-9999,-9999
11,7.5,0.69745,0,0.69745,-0.10451,-34.8513,0.12664,-9999,1.517,0.625241027871383,2.1102,-9999,-9999,-3.07155,-9999,-9999,-9999
11,8.5,0.6573775,0,0.6573775,-0.08753425,-36.07955,0.1428675,-9999,1.629,0.59750484116313,2.398575,-9999,-9999,-2.94575,-9999,-9999,-9999
11,9.5,0.68054,0,0.68054,-0.1792425,-43.2714,0.1387,-9999,1.28725,0.52129901253582,2.407,-9999,-9999,-1.5799,-9999,-9999,-9999
11,10.5,0.18782,0,0.18782,-0.41989,-36.9312,0.14615,-9999,1.18475,0.454457440653957,2.3228,-9999,-9999,8.202925,-9999,-9999,-9999
11,11.5,-0.1322025,0,-0.1322025,0.0368985,-27.9897,0.1194475,-9999,2.1105,0.644690748751652,2.0441,-9999,-9999,27.90305,-9999,-9999,-9999
11,12.5,-0.51172,0,-0.51172,0.0901305,-19.7388,0.1155925,-9999,2.36725,0.688354539633,1.88235,-9999,-9999,45.116775,-9999,-9999,-9999
11,13.5,-0.687255,0,-0.687255,0.9248775,-19.298375,0.123725,-9999,3.013,1.02887467269245,2.12175,-9999,-9999,51.148425,-9999,-9999,-9999
11,14.5,-0.744575,0,-0.744575,0.81339,-19.1665,0.105285,-9999,3.03425,1.21697465567682,1.7151,-9999,-9999,44.8349,-9999,-9999,-9999
11,15.5,-0.37437,0,-0.37437,0.0717385,-27.720975,0.10971,-9999,3.076,1.26163491711285,1.4547,-9999,-9999,29.862375,-9999,-9999,-9999
11,16.5,0.0741745,0,0.0741745,-0.12525,-31.7581,0.1015675,-9999,2.66225,1.07224267583824,1.672975,-9999,-9999,9.541425,-9999,-9999,-9999
11,17.5,0.6553925,0,0.6553925,-0.4297175,-34.14825,0.094809,-9999,2.12675,0.764847849817062,1.6371,-9999,-9999,-2.133925,-9999,-9999,-9999
11,18.5,0.62973,0,0.62973,0.0671295,-35.226675,0.1035175,-9999,1.55325,0.562404645488635,1.974675,-9999,-9999,-3.50385,-9999,-9999,-9999
11,19.5,0.5935425,0,0.5935425,-0.33833,-35.8551,0.1564,-9999,1.6,0.6983223447576,2.30945,-9999,-9999,-3.063,-9999,-9999,-9999
11,20.5,0.59421,0,0.59421,-0.414505,-32.38025,0.151675,-9999,1.5425,0.648836944127244,2.4025,-9999,-9999,-3.316275,-9999,-9999,-9999
11,21.5,0.5794025,0,0.5794025,-0.2652925,-29.830575,0.12882,-9999,1.5655,0.653815310412899,2.4079,-9999,-9999,-2.69185,-9999,-9999,-9999
11,22.5,0.64021,0,0.64021,-0.215835,-26.900825,0.12159,-9999,1.62825,0.634448528181946,1.99235,-9999,-9999,-2.5145,-9999,-9999,-9999
11,23.5,0.6704625,0,0.6704625,-0.1154725,-31.889,0.11566,-9999,1.92575,0.712913995815546,2.0335,-9999,-9999,-2.4457,-9999,-9999,-9999
12,0.5,0.4594,0,0.4594,0.60704,-63.08595,0.22564,-9999,1.2265,1.48190481201647,3.803825,-9999,-9999,-3.286175,-9999,-9999,-9999
12,1.5,0.501555,0,0.501555,0.789135,-61.9351,0.1854975,-9999,1.02825,1.30692891087043,3.5406,-9999,-9999,-3.05695,-9999,-9999,-9999
12,2.5,0.4988,0,0.4988,-0.07685675,-56.615625,0.1914925,-9999,1.29775,1.65486276488701,3.2265,-9999,-9999,-3.12785,-9999,-9999,-9999
12,3.5,0.4748,0,0.4748,-0.3811325,-58.3451,0.205555,-9999,1.79925,1.79765818302419,3.11665,-9999,-9999,-3.0693,-9999,-9999,-9999
12,4.5,0.47843,0,0.47843,-0.09383825,-63.136775,0.2343,-9999,2.24675,1.52614664484141,3.4387,-9999,-9999,-3.074,-9999,-9999,-9999
12,5.5,0.533375,0,0.533375,-0.65595,-65.37255,0.18737,-9999,1.87675,1.52296631873745,3.3852,-9999,-9999,-2.9814,-9999,-9999,-9999
12,6.5,0.6041425,0,0.6041425,-0.6647,-53.88235,0.173145,-9999,1.68225,1.38877928847324,2.884225,-9999,-9999,-3.045075,-9999,-9999,-9999
12,7.5,0.56072,0,0.56072,-0.2722975,-56.02915,0.17775,-9999,1.68675,1.20634110163939,2.9611,-9999,-9999,-3.172625,-9999,-9999,-9999
12,8.5,0.5160725,0,0.5160725,-0.21233,-47.3705,0.176115,-9999,1.3045,1.30373548495623,2.9867,-9999,-9999,-3.102025,-9999,-9999,-9999
12,9.5,0.51766,0,0.51766,-0.383125,-46.79435,0.167555,-9999,1.16475,1.31385835854314,2.792025,-9999,-9999,-2.2811,-9999,-9999,-9999
12,10.5,0.2680625,0,0.2680625,-0.15997,-46.2104,0.149165,-9999,1.08975,1.25430405280455,2.69995,-9999,-9999,6.128675,-9999,-9999,-9999
12,11.5,-0.1752825,0,-0.1752825,0.061377,-50.54885,0.15771,-9999,1.72425,1.41664947013622,2.6187,-9999,-9999,28.4187,-9999,-9999,-9999
12,12.5,-0.597335,0,-0.597335,0.2598225,-49.37185,0.15132,-9999,2.15675,1.2355012755445,2.7308,-9999,-9999,46.02615,-9999,-9999,-9999
12,13.5,-1.0308,0,-1.0308,1.630325,-38.128475,0.171955,-9999,2.02875,1.58559600018526,2.88265,-9999,-9999,60.733825,-9999,-9999,-9999
12,14.5,-0.93041,0,-0.93041,2.37115,-38.7872,0.1645325,-9999,1.65,2.06755442683665,2.815275,-9999,-9999,50.2028,-9999,-9999,-9999
12,15.5,-0.34042,0,-0.34042,0.78919,-45.697825,0.1872,-9999,1.7645,2.05730623061379,3.3191,-9999,-9999,38.979175,-9999,-9999,-9999
12,16.5,0.1117925,0,0.1117925,0.14838,-46.66685,0.17825,-9999,1.64525,1.86652801762031,2.9642,-9999,-9999,6.8519,-9999,-9999,-9999
12,17.5,0.47464,0,0.47464,-0.22437,-51.5802,0.1376325,-9999,1.334,1.55907556258015,2.481225,-9999,-9999,-2.547725,-9999,-9999,-9999
12,18.5,0.50859,0,0.50859,-0.5848625,-52.520025,0.1656175,-9999,0.913,1.22851840929821,2.569125,-9999,-9999,-3.6193,-9999,-9999,-9999
12,19.5,0.511955,0,0.511955,-0.645,-52.0635,0.18575,-9999,1.0995,1.11184202673412,3.53785,-9999,-9999,-3.423475,-9999,-9999,-9999
12,20.5,0.501955,0,0.501955,-0.184345,-52.4679,0.20213,-9999,1.19675,1.06693854856796,3.8828,-9999,-9999,-3.223575,-9999,-9999,-9999
12,21.5,0.4789425,0,0.4789425,-0.513765,-53.567625,0.1886225,-9999,1.98225,1.22991252882181,3.396775,-9999,-9999,-3.2745,-9999,-9999,-9999
12,22.5,0.48952,0,0.48952,0.194475,-64.1628,0.1649625,-9999,2.103,1.22127741657939,3.119475,-9999,-9999,-2.981325,-9999,-9999,-9999
12,23.5,0.40733,0,0.40733,0.033925,-62.0872,0.20355,-9999,1.7255,1.7880682245123,3.58155,-9999,-9999,-3.3839,-9999,-9999,-9999
13,0.5,0.539755,0,0.539755,-0.49729,-58.8903,0.17481,-9999,2.0965,1.29360917595565,2.5745,-9999,-9999,-3.40195,-9999,-9999,-9999
13,1.5,0.52799,0,0.52799,0.43846,-56.589475,0.189345,-9999,1.38175,1.21784760434954,2.588,-9999,-9999,-3.587175,-9999,-9999,-9999
13,2.5,0.53709,0,0.53709,-0.13058,-58.4238,0.16978,-9999,1.33325,1.15312315666276,2.59965,-9999,-9999,-3.540725,-9999,-9999,-9999
13,3.5,0.4781675,0,0.4781675,-0.092823,-55.3226,0.16837,-9999,1.613,1.23766772755657,2.9683,-9999,-9999,-3.434725,-9999,-9999,-9999
13,4.5,0.52388,0,0.52388,-0.159345,-62.3099,0.19422,-9999,1.37125,1.16800454466234,2.941,-9999,-9999,-3.479325,-9999,-9999,-9999
13,5.5,0.453215,0,0.453215,-0.26605,-63.5606,0.2131075,-9999,1.1855,1.00986606463874,3.21665,-9999,-9999,-3.51005,-9999,-9999,-9999
13,6.5,0.527935,0,0.527935,-0.1960075,-56.5734,0.217935,-9999,1.49425,1.07696545460541,3.46285,-9999,-9999,-3.758625,-9999,-9999,-9999
13,7.5,0.5473425,0,0.5473425,-0.325455,-52.92005,0.213585,-9999,1.553,1.39769338139372,2.95295,-9999,-9999,-3.807275,-9999,-9999,-9999
13,8.5,0.4592025,0,0.4592025,0.043679,-51.226,0.16754,-9999,1.455,1.34953879493141,2.6158,-9999,-9999,-4.019925,-9999,-9999,-9999
13,9.5,0.4987025,0,0.4987025,-0.2706525,-54.371025,0.169955,-9999,1.42275,1.51630276425381,2.803825,-9999,-9999,-2.061425,-9999,-9999,-9999
13,10.5,0.12606,0,0.12606,-0.16812,-57.02365,0.2266025,-9999,1.74725,1.44336224750412,3.429025,-9999,-9999,8.39395,-9999,-9999,-9999
13,11.5,-0.2321575,0,-0.2321575,0.133235,-51.585275,0.264315,-9999,2.279,1.63850098225949,3.747325,-9999,-9999,42.75715,-9999,-9999,-9999
13,12.5,-0.5771,0,-0.5771,0.79929,-48.40445,0.25922,-9999,2.80175,1.93243937299326,3.887875,-9999,-9999,64.581275,-9999,-9999,-9999
13,13.5,-0.76446,0,-0.76446,1.2947,-37.44225,0.20774,-9999,3.2565,2.04485580461876,3.2089,-9999,-9999,71.019025,-9999,-9999,-9999
13,14.5,-0.723925,0,-0.723925,0.8108125,-39.259075,0.227035,-9999,3.42825,2.08191230270801,3.54505,-9999,-9999,65.726525,-9999,-9999,-9999
13,15.5,-0.60251,0,-0.60251,0.831625,-39.304925,0.22709,-9999,3.429,1.89776818372073,3.50565,-9999,-9999,48.769875,-9999,-9999,-9999
13,16.5,-0.1624975,0,-0.1624975,0.52779,-53.1614,0.21258,-9999,3.4575,1.88197923248795,3.1059,-9999,-9999,14.58295,-9999,-9999,-9999
13,17.5,0.5108275,0,0.5108275,-0.01849425,-51.786725,0.144915,-9999,2.41875,1.75028851579186,2.26685,-9999,-9999,-2.596025,-9999,-9999,-9999
13,18.5,0.60904,0,0.60904,0.01119875,-56.5129,0.16474,-9999,2.18875,1.18456385974705,2.3143,-9999,-9999,-3.65285,-9999,-9999,-9999
13,19.5,0.5522,0,0.5522,-0.652995,-58.48575,0.1963,-9999,2.14975,1.16214264480165,2.6215,-9999,-9999,-3.742175,-9999,-9999,-9999
13,20.5,0.53831,0,0.53831,-0.10398325,-54.0698,0.1421075,-9999,1.991,1.12425482252325,2.502675,-9999,-9999,-3.6775,-9999,-9999,-9999
13,21.5,0.5616675,0,0.5616675,-0.340745,-57.0897,0.1698325,-9999,1.55175,1.04089766222048,2.6863,-9999,-9999,-3.44355,-9999,-9999,-9999
13,22.5,0.4963,0,0.4963,-0.35557,-49.2184,0.1544125,-9999,1.034,1.03150148947251,2.4338,-9999,-9999,-3.426825,-9999,-9999,-9999
13,23.5,0.5351775,0,0.5351775,-0.30986,-53.3347,0.17766,-9999,1.3445,1.08922979637115,2.6047,-9999,-9999,-3.52515,-9999,-9999,-9999
14,0.5,0.52058,0,0.52058,-0.18573,-52.2855,0.16801,-9999,0.89675,0.831747415206104,2.714,-9999,-9999,-3.7574,-9999,-9999,-9999
14,1.5,0.484195,0,0.484195,-0.1788125,-49.018875,0.17786,-9999,0.914,0.974596129384198,2.766775,-9999,-9999,-3.6838,-9999,-9999,-9999
14,2.5,0.465975,0,0.465975,-0.003832,-46.687,0.15408,-9999,0.97175,1.10086885645588,2.452825,-9999,-9999,-3.82875,-9999,-9999,-9999
14,3.5,0.4458775,0,0.4458775,-0.051802,-51.9822,0.15299,-9999,1.102,0.96939332231334,2.2897,-9999,-9999,-3.80915,-9999,-9999,-9999
14,4.5,0.50107,0,0.50107,-0.18501,-52.8784,0.13436,-9999,0.8,0.903866850572818,2.141575,-9999,-9999,-3.714475,-9999,-9999,-9999
14,5.5,0.46926,0,0.46926,0.1318775,-54.369825,0.1604025,-9999,1.21425,0.930157519271089,2.71275,-9999,-9999,-3.800825,-9999,-9999,-9999
14,6.5,0.44619,0,0.44619,-0.26371,-46.8495,0.16795,-9999,1.0875,1.16018273419162,2.689975,-9999,-9999,-3.7386,-9999,-9999,-9999
14,7.5,0.449425,0,0.449425,-0.0274415,-50.33165,0.163185,-9999,1.35775,1.14329077343722,2.75315,-9999,-9999,-3.713625,-9999,-9999,-9999
14,8.5,0.44712,0,0.44712,0.0236795,-49.87965,0.160905,-9999,1.09075,1.13389430325116,2.61735,-9999,-9999,-3.40645,-9999,-9999,-9999
14,9.5,0.37337,0,0.37337,0.19895,-52.4251,0.15895,-9999,1.792,0.668329527725959,2.3921,-9999,-9999,-1.0156675,-9999,-9999,-9999
14,10.5,-0.00370525,0,-0.00370525,0.09596875,-44.77595,0.183975,-9999,1.911,1.25706185511731,2.642,-9999,-9999,16.513925,-9999,-9999,-9999
14,11.5,-0.4198975,0,-0.4198975,0.3859175,-39.424425,0.2165,-9999,2.5425,1.40454997154019,3.1759,-9999,-9999,46.014575,-9999,-9999,-9999
14,12.5,-0.6338525,0,-0.6338525,0.8744125,-42.13675,0.25325,-9999,3.16975,1.6746488556608,3.259875,-9999,-9999,60.2319,-9999,-9999,-9999
14,13.5,-0.766,0,-0.766,0.649325,-37.94625,0.269835,-9999,3.30675,1.92509589075609,3.32525,-9999,-9999,77.715025,-9999,-9999,-9999
14,14.5,-0.77362,0,-0.77362,0.11179,-36.842175,0.250685,-9999,3.346,1.76257945397344,3.72125,-9999,-9999,68.480375,-9999,-9999,-9999
14,15.5,-0.56841,0,-0.56841,0.27791,-45.1563,0.225005,-9999,3.6615,1.95825489363926,3.5164,-9999,-9999,57.37525,-9999,-9999,-9999
14,16.5,-0.29695,0,-0.29695,-0.00414725,-52.1709,0.2153025,-9999,3.5375,1.88617173837568,2.7676,-9999,-9999,24.51185,-9999,-9999,-9999
14,17.5,0.356365,0,0.356365,-0.3553725,-55.439525,0.1387875,-9999,2.4565,1.65222260888854,2.4963,-9999,-9999,-0.296235,-9999,-9999,-9999
14,18.5,0.53374,0,0.53374,-0.978015,-51.41405,0.182145,-9999,1.968,1.30070663967159,2.7546,-9999,-9999,-2.8694,-9999,-9999,-9999
14,19.5,0.57408,0,0.57408,-0.40298,-50.9136,0.17946,-9999,2.2815,1.06023654780345,2.6731,-9999,-9999,-3.595575,-9999,-9999,-9999
14,20.5,0.5903675,0,0.5903675,-0.5239075,-56.443725,0.1721825,-9999,2.2,1.22247188886728,2.71335,-9999,-9999,-3.779125,-9999,-9999,-9999
14,21.5,0.46408,0,0.46408,-0.474945,-56.65945,0.16536,-9999,1.84625,1.05754252303585,2.49855,-9999,-9999,-3.919025,-9999,-9999,-9999
14,22.5,0.488145,0,0.488145,-0.22822,-52.6681,0.1500525,-9999,1.0275,1.02458258847538,2.28005,-9999,-9999,-3.898125,-9999,-9999,-9999
14,23.5,0.54741,0,0.54741,-0.1357675,-61.63225,0.1592325,-9999,1.24625,1.07683807448605,2.628375,-9999,-9999,-3.809025,-9999,-9999,-9999
15,0.5,0.56088,0,0.56088,-0.17195,-43.19855,0.15793,-9999,1.55075,0.883056125887855,2.3781,-9999,-9999,-3.53285,-9999,-9999,-9999
15,1.5,0.5235875,0,0.5235875,0.040447,-56.89615,0.1523325,-9999,1.65475,0.975924503130369,2.48545,-9999,-9999,-3.6565,-9999,-9999,-9999
15,2.5,0.52803,0,0.52803,0.051592,-50.89475,0.17197,-9999,1.97825,0.761082124445547,2.813975,-9999,-9999,-3.774775,-9999,-9999,-9999
15,3.5,0.545985,0,0.545985,-0.226135,-51.46215,0.158085,-9999,1.94225,1.01732872636622,2.56515,-9999,-9999,-3.813725,-9999,-9999,-9999
15,4.5,0.50181,0,0.50181,0.01927525,-50.015125,0.14331,-9999,1.4535,0.869776468510779,2.29,-9999,-9999,-3.8974,-9999,-9999,-9999
15,5.5,0.525495,0,0.525495,-0.09474175,-56.25925,0.162795,-9999,1.85675,0.778848371797657,2.6208,-9999,-9999,-3.705975,-9999,-9999,-9999
15,6.5,0.49855,0,0.49855,-0.0213033,-47.4165,0.14358,-9999,1.361,0.720780414927152,2.3203,-9999,-9999,-3.594525,-9999,-9999,-9999
15,7.5,0.50177,0,0.50177,-0.074875,-51.5244,0.123805,-9999,1.26275,0.806131066789048,2.19005,-9999,-9999,-3.59955,-9999,-9999,-9999
15,8.5,0.5066275,0,0.5066275,-0.043057,-55.1557,0.14638,-9999,0.93625,0.918372203774248,2.163,-9999,-9999,-3.173325,-9999,-9999,-9999
15,9.5,0.23326,0,0.23326,-0.192505,-43.1433,0.15633,-9999,1.23225,0.995366858389192,2.3156,-9999,-9999,2.599575,-9999,-9999,-9999
15,10.5,-0.228675,0,-0.228675,0.19627,-42.118,0.14987,-9999,1.5535,1.10896766701499,2.4096,-9999,-9999,29.003425,-9999,-9999,-9999
15,11.5,-0.60539,0,-0.60539,0.7070825,-32.46305,0.1396,-9999,2.23875,1.47912527920404,1.9731,-9999,-9999,68.977275,-9999,-9999,-9999
15,12.5,-0.7566275,0,-0.7566275,1.006845,-24.3776,0.14651,-9999,2.68375,1.55102787100632,2.29995,-9999,-9999,89.1835,-9999,-9999,-9999
15,13.5,-0.988535,0,-0.988535,2.5587,-21.0872,0.207265,-9999,3.26825,1.81296830569083,2.398775,-9999,-9999,92.730525,-9999,-9999,-9999
15,14.5,-1.05995,0,-1.05995,2.2874,-14.2794,0.18271,-9999,3.404,1.74696750411228,2.3825,-9999,-9999,106.821975,-9999,-9999,-9999
15,15.5,-0.88987,0,-0.88987,2.3385,-19.61845,0.175305,-9999,3.52025,2.13601022881071,2.568475,-9999,-9999,65.426875,-9999,-9999,-9999
15,16.5,-0.44837,0,-0.44837,2.3342,-33.0677,0.1987275,-9999,3.57925,2.22499430462458,2.908975,-9999,-9999,42.841775,-9999,-9999,-9999
15,17.5,0.00897275,0,0.00897275,0.547105,-42.882725,0.1806125,-9999,3.045,1.72635988204869,2.503375,-9999,-9999,7.35725,-9999,-9999,-9999
15,18.5,0.5926,0,0.5926,0.1420575,-40.907925,0.166495,-9999,1.86575,1.20306941512955,2.47875,-9999,-9999,-3.034725,-9999,-9999,-9999
15,19.5,0.6030225,0,0.6030225,0.049775,-38.943825,0.178425,-9999,1.61175,1.30007320515216,2.1555,-9999,-9999,-3.61355,-9999,-9999,-9999
15,20.5,0.622035,0,0.622035,0.0455695,-42.51805,0.196475,-9999,1.7655,0.849382973404582,2.5727,-9999,-9999,-3.379925,-9999,-9999,-9999
15,21.5,0.6514675,0,0.6514675,-0.031767,-44.9197,0.16985,-9999,1.8375,1.09829189099178,2.6996,-9999,-9999,-3.3532,-9999,-9999,-9999
15,22.5,0.50895,0,0.50895,-0.0524135,-46.5628,0.147065,-9999,1.17325,1.04576924628515,2.392225,-9999,-9999,-3.540575,-9999,-9999,-9999
15,23.5,0.51007,0,0.51007,-0.1101145,-37.4852,0.15133,-9999,1.251,0.945338274273101,2.3262,-9999,-9999,-3.47045,-9999,-9999,-9999
16,0.5,0.4984675,0,0.4984675,-0.25212,-27.56,0.1530025,-9999,-0.5845,0.744479346688834,2.6352,-9999,-9999,-3.193975,-9999,-9999,-9999
16,1.5,0.3711475,0,0.3711475,-0.39548,-27.0385,0.16066,-9999,-1.07225,0.52351742756608,2.3134,-9999,-9999,-3.1485,-9999,-9999,-9999
16,2.5,0.44249,0,0.44249,-0.528915,-36.911325,0.13805,-9999,-0.976,0.528097770013061,2.2643,-9999,-9999,-3.0254,-9999,-9999,-9999
16,3.5,0.40291,0,0.40291,-0.14432,-35.3025,0.132545,-9999,-1.0935,0.589673336416937,2.3207,-9999,-9999,-2.9493,-9999,-9999,-9999
16,4.5,0.39011,0,0.39011,-0.15406,-26.0838,0.1404525,-9999,-1.396,0.557365890943742,2.272775,-9999,-9999,-2.560325,-9999,-9999,-9999
16,5.5,0.484135,0,0.484135,-0.24117,-27.4084,0.15725,-9999,-1.382,0.660412846311854,2.6475,-9999,-9999,-2.64875,-9999,-9999,-9999
16,6.5,0.4688025,0,0.4688025,-0.20671,-34.5768,0.158565,-9999,-1.55525,0.683851906878584,2.867775,-9999,-9999,-2.534475,-9999,-9999,-9999
16,7.5,0.429215,0,0.429215,-0.06696725,-33.50465,0.1483875,-9999,-1.32375,0.661581208154203,2.744325,-9999,-9999,-2.860025,-9999,-9999,-9999
16,8.5,0.41815,0,0.41815,-0.36986,-31.430125,0.15547,-9999,-1.2745,0.733595554925175,2.75165,-9999,-9999,-0.9179825,-9999,-9999,-9999
16,9.5,0.1484275,0,0.1484275,0.1515,-31.92945,0.162165,-9999,-0.8655,0.763196289212244,2.8075,-9999,-9999,20.0855,-9999,-9999,-9999
16,10.5,-0.264725,0,-0.264725,0.53329,-32.1834,0.18552,-9999,0.63925,0.992475941157369,3.1217,-9999,-9999,64.5375,-9999,-9999,-9999
16,11.5,-0.5318225,0,-0.5318225,0.515985,-28.2369,0.2163625,-9999,1.2295,1.06472322272634,3.1564,-9999,-9999,93.921275,-9999,-9999,-9999
16,12.5,-0.813715,0,-0.813715,1.842275,-26.710125,0.2441075,-9999,1.77525,1.3655934183701,3.7876,-9999,-9999,135.093575,-9999,-9999,-9999
16,13.5,-0.768895,0,-0.768895,1.0444825,-20.981075,0.220935,-9999,2.1915,1.55069359826785,3.6609,-9999,-9999,131.461075,-9999,-9999,-9999
16,14.5,-1.07985,0,-1.07985,2.35405,-20.68815,0.2325325,-9999,1.89,1.76635589267192,3.3859,-9999,-9999,150.783425,-9999,-9999,-9999
16,15.5,-0.824185,0,-0.824185,4.475875,-23.60585,0.21446,-9999,2.00325,1.8018652704309,3.415,-9999,-9999,121.6914,-9999,-9999,-9999
16,16.5,-0.7013075,0,-0.7013075,2.2361,-22.58445,0.2211825,-9999,2.17,1.80417910740805,3.3321,-9999,-9999,68.633475,-9999,-9999,-9999
16,17.5,-0.1399925,0,-0.1399925,1.566575,-28.321425,0.176495,-9999,1.52875,1.69224460114838,2.9434,-9999,-9999,27.262125,-9999,-9999,-9999
16,18.5,0.368085,0,0.368085,0.247845,-30.1034,0.1795175,-9999,1.31075,1.25082841327732,3.22855,-9999,-9999,-0.8052325,-9999,-9999,-9999
16,19.5,0.465725,0,0.465725,0.32484,-36.3949,0.21055,-9999,1.01025,1.15168648048647,3.3632,-9999,-9999,-3.502575,-9999,-9999,-9999
16,20.5,0.496585,0,0.496585,-0.166545,-30.8304,0.157585,-9999,0.8335,0.854575988286796,2.7651,-9999,-9999,-3.4063,-9999,-9999,-9999
16,21.5,0.50538,0,0.50538,0.1082075,-31.62965,0.184105,-9999,0.68525,0.717738261533626,3.05665,-9999,-9999,-3.103025,-9999,-9999,-9999
16,22.5,0.4688825,0,0.4688825,-0.251525,-32.531225,0.14252,-9999,0.05475,0.715497408593431,2.39645,-9999,-9999,-3.2454,-9999,-9999,-9999
16,23.5,0.5363725,0,0.5363725,-0.06017,-33.5559,0.14363,-9999,0.041,0.839922278180578,2.467175,-9999,-9999,-3.574725,-9999,-9999,-9999
17,0.5,0.66031,0,0.66031,0.9219175,-55.556875,0.16166,-9999,2.515,1.56578216356895,2.6806,-9999,-9999,-3.73145,-9999,-9999,-9999
17,1.5,0.68444,0,0.68444,0.50746,-49.7705,0.18361,-9999,2.29625,1.38819304707539,2.9347,-9999,-9999,-3.54975,-9999,-9999,-9999
17,2.5,0.6460425,0,0.6460425,0.58848,-52.01845,0.158385,-9999,2.27475,1.3049234089571,2.64395,-9999,-9999,-3.7249,-9999,-9999,-9999
17,3.5,0.598705,0,0.598705,0.345535,-48.4484,0.196285,-9999,2.183,1.39476937952351,2.917,-9999,-9999,-3.311475,-9999,-9999,-9999
17,4.5,0.5901525,0,0.5901525,0.4902625,-43.733575,0.17103,-9999,2.49025,1.47618584530096,2.78815,-9999,-9999,-3.17905,-9999,-9999,-9999
17,5.5,0.5586125,0,0.5586125,0.27513,-49.1125,0.14893,-9999,2.1985,1.15019480238448,2.4115,-9999,-9999,-2.789875,-9999,-9999,-9999
17,6.5,0.64244,0,0.64244,0.571845,-54.750125,0.1849375,-9999,1.92325,0.930588134588414,2.703875,-9999,-9999,-2.601125,-9999,-9999,-9999
17,7.5,0.6516475,0,0.6516475,0.877725,-51.25805,0.1783875,-9999,1.734,1.18203953338659,2.981325,-9999,-9999,-2.2906,-9999,-9999,-9999
17,8.5,0.21671,0,0.21671,0.813445,-44.2131,0.16306,-9999,1.84825,1.21414656624938,2.4615,-9999,-9999,5.77165,-9999,-9999,-9999
17,9.5,-0.601985,0,-0.601985,1.932075,-37.87045,0.2026125,-9999,2.94225,1.48885228696358,2.8937,-9999,-9999,52.297525,-9999,-9999,-9999
17,10.5,-1.44485,0,-1.44485,4.82715,-27.8951,0.198635,-9999,3.49675,2.03169176509677,3.1287,-9999,-9999,98.02815,-9999,-9999,-9999
17,11.5,-1.637,0,-1.637,9.03625,-24.1631,0.2717525,-9999,3.761,1.84409533340632,4.0088,-9999,-9999,118.6033,-9999,-9999,-9999
17,12.5,-1.79885,0,-1.79885,8.9885,-14.30705,0.265935,-9999,4.13375,1.99122832795637,3.98455,-9999,-9999,129.491625,-9999,-9999,-9999
17,13.5,-1.906275,0,-1.906275,11.8876,-8.221075,0.27322,-9999,4.54075,2.03471193582448,4.0163,-9999,-9999,124.252825,-9999,-9999,-9999
17,14.5,-1.9007,0,-1.9007,13.8387,-4.1283,0.25469,-9999,4.31,2.20082643980501,3.599975,-9999,-9999,136.32425,-9999,-9999,-9999
17,15.5,-1.70665,0,-1.70665,18.0752,-9.73855,0.25889,-9999,4.2795,2.88394220038986,3.7823,-9999,-9999,126.028125,-9999,-9999,-9999
17,16.5,-1.410525,0,-1.410525,16.2382,-17.4468,0.25364,-9999,4.30475,2.77463387800016,3.3276,-9999,-9999,96.8835,-9999,-9999,-9999
17,17.5,-0.7758075,0,-0.7758075,10.726675,-26.308975,0.194955,-9999,4.2905,2.36270665943518,2.9457,-9999,-9999,49.460725,-9999,-9999,-9999
17,18.5,0.301785,0,0.301785,5.6238,-38.4258,0.18058,-9999,3.8675,2.22883736928424,2.81985,-9999,-9999,4.89805,-9999,-9999,-9999
17,19.5,0.7341125,0,0.7341125,2.2276,-50.4103,0.18532,-9999,2.84625,1.73728664802867,2.992,-9999,-9999,-2.8615,-9999,-9999,-9999
17,20.5,0.7373175,0,0.7373175,1.01135,-48.77655,0.2064775,-9999,2.416,1.56889197570405,2.54985,-9999,-9999,-3.2826,-9999,-9999,-9999
17,21.5,0.7287,0,0.7287,1.9534,-45.7272,0.220915,-9999,2.4665,1.69337953918371,2.92135,-9999,-9999,-3.2309,-9999,-9999,-9999
17,22.5,0.754655,0,0.754655,0.730295,-49.411475,0.23807,-9999,2.18275,1.49054184952413,3.808175,-9999,-9999,-3.675075,-9999,-9999,-9999
17,23.5,0.6780725,0,0.6780725,0.77951,-52.9002,0.2291575,-9999,2.66175,1.56502001039412,3.1943,-9999,-9999,-3.53285,-9999,-9999,-9999
18,0.5,0.78985,0,0.78985,0.65939,-43.95015,0.2022,-9999,2.086,1.25860948823674,2.9759,-9999,-9999,-3.7744,-9999,-9999,-9999
18,1.5,0.7764,0,0.7764,0.37289,-46.9521,0.175925,-9999,2.4145,1.63963976725337,3.1095,-9999,-9999,-3.6984,-9999,-9999,-9999
18,2.5,0.71483,0,0.71483,0.35261,-60.3465,0.16735,-9999,1.89375,1.50197586129584,2.9016,-9999,-9999,-3.729,-9999,-9999,-9999
18,3.5,0.75771,0,0.75771,0.3553225,-55.80765,0.172175,-9999,2.22225,1.68901202493491,3.01775,-9999,-9999,-3.662675,-9999,-9999,-9999
18,4.5,0.78386,0,0.78386,0.2130075,-53.94895,0.18261,-9999,2.56775,1.68430353690881,2.84765,-9999,-9999,-3.5364,-9999,-9999,-9999
18,5.5,0.83684,0,0.83684,0.077238,-52.864925,0.2048375,-9999,2.47825,1.43328033278258,3.467825,-9999,-9999,-3.2862,-9999,-9999,-9999
18,6.5,0.69779,0,0.69779,-0.0339625,-50.45505,0.215125,-9999,2.30175,1.3222322106111,3.45585,-9999,-9999,-3.4182,-9999,-9999,-9999
18,7.5,0.526185,0,0.526185,0.6152925,-55.61325,0.20947,-9999,2.22225,1.4447060794629,3.29445,-9999,-9999,-0.10135075,-9999,-9999,-9999
18,8.5,-0.635205,0,-0.635205,1.695,-37.9944,0.2206375,-9999,2.22075,1.4733422548991,3.211975,-9999,-9999,34.464425,-9999,-9999,-9999
18,9.5,-1.6654,0,-1.6654,3.577825,-28.239425,0.22853,-9999,2.7055,1.84682011161554,3.217725,-9999,-9999,92.114875,-9999,-9999,-9999
18,10.5,-2.4111,0,-2.4111,8.302725,-21.5012,0.24511,-9999,3.6765,2.19703367007467,3.428175,-9999,-9999,142.99465,-9999,-9999,-9999
18,11.5,-3.212,0,-3.212,15.418,-12.450875,0.31238,-9999,4.7315,2.50948030198223,4.2163,-9999,-9999,201.661,-9999,-9999,-9999
18,12.5,-3.47955,0,-3.47955,30.6578,-2.42125,0.3169775,-9999,4.95825,2.80337139513824,4.37105,-9999,-9999,255.927825,-9999,-9999,-9999
18,13.5,-3.91425,0,-3.91425,41.705925,7.5911,0.33223,-9999,5.70125,3.21668730477152,4.53345,-9999,-9999,262.511875,-9999,-9999,-9999
18,14.5,-3.301175,0,-3.301175,47.0977,-1.62117,0.344655,-9999,6.102,3.42370097725528,5.1199,-9999,-9999,233.943375,-9999,-9999,-9999
18,15.5,-2.6503,0,-2.6503,41.30315,-13.34405,0.295675,-9999,6.54775,3.88339791401521,4.3671,-9999,-9999,176.94635,-9999,-9999,-9999
18,16.5,-2.2998,0,-2.2998,34.0507,-19.68,0.279,-9999,6.75675,3.59398291646092,3.7072,-9999,-9999,131.70835,-9999,-9999,-9999
18,17.5,-1.5004,0,-1.5004,27.5803,-34.947775,0.26189,-9999,7.06675,3.57400650556391,3.543,-9999,-9999,83.338475,-9999,-9999,-9999
18,18.5,-0.23435,0,-0.23435,9.950975,-42.097725,0.1836,-9999,6.247,3.22015155690261,2.89445,-9999,-9999,24.59955,-9999,-9999,-9999
18,19.5,0.756415,0,0.756415,3.4986,-47.5699,0.18226,-9999,5.19575,2.53608597080653,2.43425,-9999,-9999,-2.39865,-9999,-9999,-9999
18,20.5,0.861245,0,0.861245,3.9763,-48.4948,0.19622,-9999,4.39225,2.28163954926933,2.9549,-9999,-9999,-3.57135,-9999,-9999,-9999
18,21.5,0.8787225,0,0.8787225,1.3815,-47.44095,0.21597,-9999,3.661,1.50014509186379,3.067725,-9999,-9999,-3.35455,-9999,-9999,-9999
18,22.5,0.83294,0,0.83294,0.48362,-45.704075,0.22768,-9999,3.58925,1.33442830254308,3.621175,-9999,-9999,-3.465,-9999,-9999,-9999
18,23.5,0.8441225,0,0.8441225,0.42693,-47.53765,0.18413,-9999,3.21425,1.52987813808924,2.72555,-9999,-9999,-3.670075,-9999,-9999,-9999
19,0.5,1.07825,0,1.07825,0.57323,-38.6525,0.12145,-9999,2.6105,0.806785176119232,1.889,-9999,-9999,-3.49415,-9999,-9999,-9999
19,1.5,1.1104,0,1.1104,0.5021975,-41.111,0.12739,-9999,2.42475,0.823898089568543,1.905025,-9999,-9999,-3.247875,-9999,-9999,-9999
19,2.5,1.0572,0,1.0572,0.252885,-46.9062,0.12901,-9999,2.42075,1.07609527338022,1.54835,-9999,-9999,-3.53745,-9999,-9999,-9999
19,3.5,1.0795,0,1.0795,0.32158,-49.065,0.13313,-9999,2.80725,1.37254830543883,1.9484,-9999,-9999,-3.477975,-9999,-9999,-9999
19,4.5,1.05375,0,1.05375,0.320995,-42.8823,0.11084,-9999,3.09525,1.39918532475802,1.91445,-9999,-9999,-3.44605,-9999,-9999,-9999
19,5.5,1.0181,0,1.0181,0.247575,-43.9151,0.1278625,-9999,2.93,1.43706800865172,1.981175,-9999,-9999,-3.366225,-9999,-9999,-9999
19,6.5,0.986805,0,0.986805,0.3373525,-42.5158,0.118315,-9999,3.0965,1.37819608469557,1.66125,-9999,-9999,-1.838025,-9999,-9999,-9999
19,7.5,-0.03960775,0,-0.03960775,1.1273,-33.214775,0.133,-9999,3.59525,1.24342201711735,2.09995,-9999,-9999,13.7689,-9999,-9999,-9999
19,8.5,-1.2717,0,-1.2717,2.86715,-20.491575,0.168965,-9999,4.0665,1.50678231810291,2.448975,-9999,-9999,60.292775,-9999,-9999,-9999
19,9.5,-2.6945,0,-2.6945,11.3198,-4.66635,0.1778275,-9999,5.35325,2.30106444820024,2.2168,-9999,-9999,134.71835,-9999,-9999,-9999
19,10.5,-3.76245,0,-3.76245,16.3042,8.932975,0.2185375,-9999,6.1385,2.46730853449762,2.656425,-9999,-9999,212.771175,-9999,-9999,-9999
19,11.5,-4.755075,0,-4.755075,27.9735,15.716825,0.226095,-9999,6.649,2.93282467579552,3.0559,-9999,-9999,272.048825,-9999,-9999,-9999
19,12.5,-4.692675,0,-4.692675,46.56715,17.7768,0.2799675,-9999,6.60575,3.37409812774473,3.514375,-9999,-9999,255.7269,-9999,-9999,-9999
19,13.5,-4.9258,0,-4.9258,50.461325,36.289075,0.2640625,-9999,7.312,3.73595510323555,3.47875,-9999,-9999,313.638825,-9999,-9999,-9999
19,14.5,-4.910275,0,-4.910275,49.23835,31.54775,0.261535,-9999,7.625,3.69315942936847,3.42675,-9999,-9999,338.950775,-9999,-9999,-9999
19,15.5,-4.3531,0,-4.3531,39.69735,22.618775,0.2452725,-9999,7.358,3.24148240941714,3.308375,-9999,-9999,237.526825,-9999,-9999,-9999
19,16.5,-3.52895,0,-3.52895,37.61135,10.53115,0.226465,-9999,7.274,3.18922194040813,2.8705,-9999,-9999,171.585875,-9999,-9999,-9999
19,17.5,-2.5525,0,-2.5525,20.72815,0.30712,0.188425,-9999,7.09175,3.08306156821527,2.380625,-9999,-9999,125.15575,-9999,-9999,-9999
19,18.5,-1.0054,0,-1.0054,11.181675,-15.03495,0.1716125,-9999,7.0065,2.91532760705001,2.386325,-9999,-9999,59.35315,-9999,-9999,-9999
19,19.5,0.495915,0,0.495915,4.09835,-24.75445,0.12511,-9999,6.06375,2.51846939872795,1.9338,-9999,-9999,4.077,-9999,-9999,-9999
19,20.5,1.1459,0,1.1459,1.0864,-30.2067,0.11984,-9999,4.92825,1.54614336337173,1.7909,-9999,-9999,-3.634675,-9999,-9999,-9999
19,21.5,1.16575,0,1.16575,0.6513975,-39.3364,0.10535,-9999,3.67725,1.32520154281348,1.78915,-9999,-9999,-4.02015,-9999,-9999,-9999
19,22.5,1.0631,0,1.0631,0.6364,-39.5656,0.09763625,-9999,3.3205,0.930004399687433,1.623525,-9999,-9999,-4.01745,-9999,-9999,-9999
19,23.5,1.09845,0,1.09845,0.3776,-39.887575,0.11161,-9999,3.29775,0.895211345434127,1.8398,-9999,-9999,-3.787475,-9999,-9999,-9999
20,0.5,1.287725,0,1.287725,0.5648825,-36.798825,0.15758,-9999,3.3685,1.21247455566841,2.6034,-9999,-9999,-3.2902,-9999,-9999,-9999
20,1.5,1.2309,0,1.2309,0.0295335,-33.7944,0.152045,-9999,2.78425,1.14868681543364,2.113175,-9999,-9999,-3.519325,-9999,-9999,-9999
20,2.5,1.25465,0,1.25465,0.53178,-42.1867,0.19522,-9999,2.4835,1.10303411415421,2.8057,-9999,-9999,-3.209175,-9999,-9999,-9999
20,3.5,1.1961,0,1.1961,0.37018,-39.3588,0.19408,-9999,2.7045,1.0384317097135,3.0851,-9999,-9999,-2.9757,-9999,-9999,-9999
20,4.5,1.204075,0,1.204075,0.054152425,-46.9747,0.197495,-9999,2.762,0.958457632481075,2.64525,-9999,-9999,-2.98805,-9999,-9999,-9999
20,5.5,1.090925,0,1.090925,-0.220865,-43.56155,0.176455,-9999,2.6355,0.916104980933218,2.810625,-9999,-9999,-2.38505,-9999,-9999,-9999
20,6.5,0.631045,0,0.631045,0.25549,-41.2455,0.21099,-9999,2.707,1.13545213459763,2.790075,-9999,-9999,2.64925,-9999,-9999,-9999
20,7.5,-0.8774625,0,-0.8774625,1.612175,-28.860475,0.205155,-9999,3.118,1.07835304574348,2.8623,-9999,-9999,32.9572,-9999,-9999,-9999
20,8.5,-2.4354,0,-2.4354,3.25965,-8.44105,0.21508,-9999,4.08,1.57750173828544,3.20605,-9999,-9999,92.045,-9999,-9999,-9999
20,9.5,-3.791475,0,-3.791475,6.877675,-7.021925,0.2176475,-9999,4.899,2.23352900071036,2.95505,-9999,-9999,139.8934,-9999,-9999,-9999
20,10.5,-4.88565,0,-4.88565,14.01335,10.5507,0.250175,-9999,5.40525,2.30715054434478,3.2351,-9999,-9999,177.889625,-9999,-9999,-9999
20,11.5,-5.3151,0,-5.3151,21.8763,28.04015,0.24292,-9999,5.04575,2.704266254614,3.102975,-9999,-9999,253.933475,-9999,-9999,-9999
20,12.5,-6.065325,0,-6.065325,28.118825,51.862225,0.23847,-9999,5.55725,2.85469834050657,3.3386,-9999,-9999,321.153725,-9999,-9999,-9999
20,13.5,-6.012675,0,-6.012675,43.036675,63.7212,0.2509125,-9999,6.317,2.87073888422863,3.262,-9999,-9999,346.631075,-9999,-9999,-9999
20,14.5,-5.887,0,-5.887,32.0792,59.14685,0.248565,-9999,6.34625,3.30662836875149,3.16955,-9999,-9999,355.082625,-9999,-9999,-9999
20,15.5,-5.2707,0,-5.2707,37.429025,45.69155,0.2474425,-9999,6.4585,3.02473515867113,3.4635,-9999,-9999,255.7901,-9999,-9999,-9999
20,16.5,-4.36105,0,-4.36105,18.8684,17.72165,0.234655,-9999,6.4405,2.93820234079676,2.704725,-9999,-9999,157.547175,-9999,-9999,-9999
20,17.5,-3.267225,0,-3.267225,12.2198,9.827,0.23711,-9999,5.93825,2.90211252657208,3.21765,-9999,-9999,122.2738,-9999,-9999,-9999
20,18.5,-1.631175,0,-1.631175,9.856575,-4.678775,0.244885,-9999,5.7895,2.6201741803444,3.125575,-9999,-9999,63.15045,-9999,-9999,-9999
20,19.5,-0.017028,0,-0.017028,3.57125,-19.1476,0.1641875,-9999,5.54875,2.19769333491909,1.982925,-9999,-9999,17.478975,-9999,-9999,-9999
20,20.5,1.07525,0,1.07525,1.42065,-26.656,0.11486,-9999,4.86375,1.67839689399732,1.4657,-9999,-9999,-1.76585,-9999,-9999,-9999
20,21.5,1.28035,0,1.28035,0.785335,-36.18735,0.12112,-9999,4.3,1.44576383824311,1.9969,-9999,-9999,-3.197475,-9999,-9999,-9999
20,22.5,1.3171,0,1.3171,0.311415,-34.5087,0.10255,-9999,3.70875,1.23816512545655,1.658,-9999,-9999,-2.9593,-9999,-9999,-9999
20,23.5,1.28155,0,1.28155,0.21491,-36.3394,0.12098,-9999,3.4835,1.115785329351,2.0851,-9999,-9999,-2.983175,-9999,-9999,-9999
21,0.5,1.5385,0,1.5385,0.6702375,-39.440025,0.11169,-9999,3.7135,1.71848607290919,1.8642,-9999,-9999,-3.734675,-9999,-9999,-9999
21,1.5,1.5417,0,1.5417,0.6545525,-36.997925,0.1341225,-9999,3.5585,1.46802314093105,1.957725,-9999,-9999,-3.62815,-9999,-9999,-9999
21,2.5,1.51525,0,1.51525,0.9061625,-39.5752,0.1235325,-9999,3.49125,1.39454281636376,1.902475,-9999,-9999,-3.703475,-9999,-9999,-9999
21,3.5,1.5583,0,1.5583,0.226225,-43.367575,0.14157,-9999,3.50475,1.32238841811776,1.8971,-9999,-9999,-3.58105,-9999,-9999,-9999
21,4.5,1.53085,0,1.53085,0.5351975,-35.155425,0.1363775,-9999,3.67275,1.33173251858443,1.9792,-9999,-9999,-3.3635,-9999,-9999,-9999
21,5.5,1.4683,0,1.4683,0.3116225,-33.21285,0.124825,-9999,3.9515,1.14951716530483,2.0344,-9999,-9999,-0.7704675,-9999,-9999,-9999
21,6.5,0.18333,0,0.18333,0.700695,-31.39075,0.153425,-9999,3.59375,1.11354955630808,2.112725,-9999,-9999,15.1555,-9999,-9999,-9999
21,7.5,-1.7833,0,-1.7833,2.672125,-16.366625,0.176445,-9999,5.38275,1.91833925244275,2.434075,-9999,-9999,50.1747,-9999,-9999,-9999
21,8.5,-3.87245,0,-3.87245,7.9662,2.15255,0.2150675,-9999,6.03325,2.05100908711869,2.863675,-9999,-9999,91.605825,-9999,-9999,-9999
21,9.5,-5.0527,0,-5.0527,10.33275,16.04735,0.255235,-9999,5.65825,2.32861561234831,3.37175,-9999,-9999,152.1715,-9999,-9999,-9999
21,10.5,-6.238425,0,-6.238425,20.0254,28.56195,0.263945,-9999,6.4295,2.59531321773903,3.43745,-9999,-9999,225.99405,-9999,-9999,-9999
21,11.5,-6.802975,0,-6.802975,42.31845,45.61455,0.257155,-9999,7.0095,3.16029464065755,3.4424,-9999,-9999,316.94425,-9999,-9999,-9999
21,12.5,-7.0419,0,-7.0419,42.831625,61.252625,0.3056475,-9999,7.622,2.97893405326786,3.781175,-9999,-9999,351.873225,-9999,-9999,-9999
21,13.5,-7.1831,0,-7.1831,65.8102,81.353725,0.28107,-9999,8.3,3.30049739284291,3.8755,-9999,-9999,404.367575,-9999,-9999,-9999
21,14.5,-6.682525,0,-6.682525,38.52055,56.548775,0.2936525,-9999,7.57275,3.08563287809692,3.709875,-9999,-9999,272.375675,-9999,-9999,-9999
21,15.5,-5.648925,0,-5.648925,60.78855,32.087825,0.287195,-9999,7.3605,3.10880303040858,3.73795,-9999,-9999,248.783,-9999,-9999,-9999
21,16.5,-5.05225,0,-5.05225,39.98085,21.068125,0.31462,-9999,8.08575,3.12284252187005,3.885,-9999,-9999,174.42645,-9999,-9999,-9999
21,17.5,-3.8714,0,-3.8714,23.79,12.1728,0.3057625,-9999,6.91,2.72271603770175,4.10495,-9999,-9999,138.86675,-9999,-9999,-9999
21,18.5,-2.547825,0,-2.547825,11.2128,-0.01277,0.27949,-9999,6.7435,2.43967854690547,3.694525,-9999,-9999,72.048175,-9999,-9999,-9999
21,19.5,-0.41435,0,-0.41435,6.5748,-11.6065,0.1930725,-9999,6.17675,2.28962336549125,2.485775,-9999,-9999,30.4696,-9999,-9999,-9999
21,20.5,1.256825,0,1.256825,3.0741,-22.33935,0.135945,-9999,5.71175,1.71305721913699,1.56625,-9999,-9999,2.128925,-9999,-9999,-9999
21,21.5,1.7409,0,1.7409,1.073355,-34.75715,0.11585,-9999,4.627,1.48413497904827,1.89885,-9999,-9999,-3.369825,-9999,-9999,-9999
21,22.5,1.77055,0,1.77055,0.91341,-36.7498,0.1256475,-9999,4.15825,1.21618027288603,1.606275,-9999,-9999,-3.5639,-9999,-9999,-9999
21,23.5,1.56715,0,1.56715,1.2651,-36.66605,0.11684,-9999,3.629,1.15523983517567,1.7545,-9999,-9999,-3.65815,-9999,-9999,-9999
22,0.5,1.760825,0,1.760825,0.3791825,-38.2394,0.16207,-9999,3.38575,0.708907767583843,2.277775,-9999,-9999,-2.686275,-9999,-9999,-9999
22,1.5,1.701775,0,1.701775,0.13063125,-37.646125,0.13305,-9999,3.372,0.668373605557854,2.1592,-9999,-9999,-2.891975,-9999,-9999,-9999
22,2.5,1.67935,0,1.67935,0.209665,-41.051525,0.1855825,-9999,2.94625,0.899779646206196,2.460425,-9999,-9999,-2.1166,-9999,-9999,-9999
22,3.5,1.754825,0,1.754825,-0.3548,-39.611175,0.157665,-9999,3.14825,0.904966405715231,2.2039,-9999,-9999,-2.824025,-9999,-9999,-9999
22,4.5,1.6225,0,1.6225,-1.190415,-35.045825,0.19172,-9999,2.9865,0.795276898738769,2.514275,-9999,-9999,-2.4913,-9999,-9999,-9999
22,5.5,1.197825,0,1.197825,-0.41913,-31.3995,0.14733,-9999,3.193,0.818957426020432,2.339,-9999,-9999,2.847875,-9999,-9999,-9999
22,6.5,-0.3569375,0,-0.3569375,0.7664675,-22.275725,0.153015,-9999,3.9255,0.977348921946654,2.36135,-9999,-9999,26.286825,-9999,-9999,-9999
22,7.5,-2.198375,0,-2.198375,2.6137,-11.395325,0.14784,-9999,4.5395,1.31713600750901,1.91705,-9999,-9999,60.903525,-9999,-9999,-9999
22,8.5,-4.075925,0,-4.075925,6.6147,4.161975,0.1938025,-9999,4.81875,1.6469186113259,2.377475,-9999,-9999,136.4095,-9999,-9999,-9999
22,9.5,-5.79795,0,-5.79795,12.160525,15.644025,0.199975,-9999,4.67125,1.71883987613577,2.8738,-9999,-9999,164.807625,-9999,-9999,-9999
22,10.5,-6.5417,0,-6.5417,13.9434,28.08375,0.222435,-9999,5.18925,2.03366407639629,2.87795,-9999,-9999,232.455775,-9999,-9999,-9999
22,11.5,-7.14595,0,-7.14595,20.7421,27.002325,0.17897,-9999,5.9925,2.37285849441435,2.385075,-9999,-9999,283.35265,-9999,-9999,-9999
22,12.5,-7.0777,0,-7.0777,27.04585,44.27535,0.263295,-9999,6.0885,2.5648092080742,3.68475,-9999,-9999,297.32415,-9999,-9999,-9999
22,13.5,-7.0868,0,-7.0868,28.4613,42.2414,0.278855,-9999,6.17725,2.56264193214478,3.6312,-9999,-9999,244.98385,-9999,-9999,-9999
22,14.5,-6.606175,0,-6.606175,30.8256,42.52,0.2646125,-9999,6.0775,2.40494825822779,3.2162,-9999,-9999,283.537725,-9999,-9999,-9999
22,15.5,-6.5759,0,-6.5759,21.187375,33.391325,0.2536725,-9999,6.34175,2.34822796051693,3.423325,-9999,-9999,231.133125,-9999,-9999,-9999
22,16.5,-5.722675,0,-5.722675,16.9012,23.62005,0.24865,-9999,7.0335,2.37796056843281,2.970775,-9999,-9999,151.024725,-9999,-9999,-9999
22,17.5,-4.5669,0,-4.5669,8.982575,13.217325,0.247835,-9999,6.50025,1.55933413204713,3.028275,-9999,-9999,103.9067,-9999,-9999,-9999
22,18.5,-2.7276,0,-2.7276,5.5908,5.3897,0.22949,-9999,6.22175,1.33176462800346,3.2614,-9999,-9999,64.58565,-9999,-9999,-9999
22,19.5,-1.1043725,0,-1.1043725,3.2022,-5.685225,0.2190875,-9999,5.6685,1.22794343839449,3.1502,-9999,-9999,25.344675,-9999,-9999,-9999
22,20.5,0.6417775,0,0.6417775,2.62355,-13.473075,0.18089,-9999,5.29825,1.17489345381883,2.29845,-9999,-9999,8.421425,-9999,-9999,-9999
22,21.5,1.60545,0,1.60545,1.4727,-25.5645,0.18941,-9999,4.983,1.02952829952266,2.7837,-9999,-9999,-1.098225,-9999,-9999,-9999
22,22.5,1.6508,0,1.6508,0.4781625,-22.6765,0.16437,-9999,4.7495,1.16470030123349,2.0832,-9999,-9999,-1.9945,-9999,-9999,-9999
22,23.5,1.800625,0,1.800625,0.39068,-26.650125,0.153425,-9999,4.614,0.968847496542081,2.06415,-9999,-9999,-2.733575,-9999,-9999,-9999
23,0.5,1.9318,0,1.9318,0.86289,-31.0711,0.114135,-9999,4.60375,1.19941398665279,1.81055,-9999,-9999,-3.829225,-9999,-9999,-9999
23,1.5,1.992475,0,1.992475,0.510625,-35.4902,0.1159,-9999,4.41775,1.10610118492041,1.7748,-9999,-9999,-3.513125,-9999,-9999,-9999
23,2.5,1.9531,0,1.9531,0.8141975,-26.614,0.13528,-9999,4.73625,1.36937248059638,2.0054,-9999,-9999,-3.2907,-9999,-9999,-9999
23,3.5,1.8783,0,1.8783,0.49035,-29.75355,0.142735,-9999,4.67475,1.19069804366973,1.920275,-9999,-9999,-3.261475,-9999,-9999,-9999
23,4.5,1.828,0,1.828,0.263415,-32.26885,0.13107,-9999,4.7535,1.51756056881436,2.0683,-9999,-9999,-1.93185,-9999,-9999,-9999
23,5.5,0.503985,0,0.503985,1.3262,-30.964175,0.13156,-9999,5.33025,1.65642026689894,2.0859,-9999,-9999,7.880075,-9999,-9999,-9999
23,6.5,-0.9611175,0,-0.9611175,1.51255,-15.9215,0.134515,-9999,6,1.75520094406865,2.1417,-9999,-9999,35.781475,-9999,-9999,-9999
23,7.5,-3.1696,0,-3.1696,4.83525,-5.66725,0.18367,-9999,6.24475,1.99327581618161,2.35115,-9999,-9999,73.025925,-9999,-9999,-9999
23,8.5,-5.05345,0,-5.05345,13.2887,0.0070025,0.2048425,-9999,6.78075,2.51772874565862,2.445675,-9999,-9999,128.411525,-9999,-9999,-9999
23,9.5,-6.5433,0,-6.5433,20.585175,24.70705,0.247055,-9999,6.83525,2.71869254700071,3.555825,-9999,-9999,210.373075,-9999,-9999,-9999
23,10.5,-7.109125,0,-7.109125,32.28095,36.39345,0.23322,-9999,7.19075,2.83542041406413,3.395875,-9999,-9999,255.200225,-9999,-9999,-9999
23,11.5,-7.39855,0,-7.39855,44.391125,34.418925,0.238695,-9999,7.8035,3.10160205361627,3.0735,-9999,-9999,253.10425,-9999,-9999,-9999
23,12.5,-7.83545,0,-7.83545,56.446475,39.471075,0.2656875,-9999,8.2875,3.06952125234513,3.4936,-9999,-9999,293.7979,-9999,-9999,-9999
23,13.5,-7.6011,0,-7.6011,68.0689,46.8573,0.270105,-9999,8.4075,3.2265736665894,3.393575,-9999,-9999,309.972275,-9999,-9999,-9999
23,14.5,-7.3278,0,-7.3278,62.29545,49.38395,0.2431525,-9999,8.825,3.41860543203121,2.8903,-9999,-9999,272.213375,-9999,-9999,-9999
23,15.5,-6.6349,0,-6.6349,56.574725,33.873725,0.271845,-9999,8.2425,3.62611254891085,3.38535,-9999,-9999,218.2493,-9999,-9999,-9999
23,16.5,-5.73155,0,-5.73155,41.975,30.4954,0.2351625,-9999,7.841,2.95826379184039,3.374575,-9999,-9999,203.111675,-9999,-9999,-9999
23,17.5,-5.358,0,-5.358,32.325125,23.425175,0.257095,-9999,8.0555,3.29973338014627,3.29465,-9999,-9999,154.3813,-9999,-9999,-9999
23,18.5,-3.658425,0,-3.658425,15.7801,19.3271,0.267485,-9999,8.1595,2.4855258694063,3.6867,-9999,-9999,135.9188,-9999,-9999,-9999
23,19.5,-2.3652,0,-2.3652,13.7225,3.405225,0.2505375,-9999,7.482,2.5891244120654,2.916775,-9999,-9999,64.386525,-9999,-9999,-9999
23,20.5,-0.44466,0,-0.44466,7.708175,-9.092975,0.17776,-9999,7.3815,2.44224914449985,2.513475,-9999,-9999,20.958,-9999,-9999,-9999
23,21.5,1.5804,0,1.5804,1.9463,-31.361,0.15797,-9999,6.70775,1.90383538956798,2.0509,-9999,-9999,1.142025,-9999,-9999,-9999
23,22.5,2.046475,0,2.046475,0.710685,-31.34745,0.13773,-9999,6.11575,1.34174638579301,1.9376,-9999,-9999,-2.917625,-9999,-9999,-9999
23,23.5,2.0266,0,2.0266,0.8093625,-30.5632,0.12075,-9999,5.6275,1.22436125735619,1.556275,-9999,-9999,-3.3609,-9999,-9999,-9999
24,0.5,2.1293,0,2.1293,0.63388,-26.85415,0.1230575,-9999,5.59225,1.12381079429243,1.656725,-9999,-9999,-2.62365,-9999,-9999,-9999
24,1.5,2.07565,0,2.07565,0.761735,-34.0189,0.10409,-9999,5.35175,1.09835750552698,1.5884,-9999,-9999,-3.198875,-9999,-9999,-9999
24,2.5,2.0712,0,2.0712,0.8022225,-35.810575,0.1346275,-9999,5.011,0.996375836938957,1.839075,-9999,-9999,-3.6234,-9999,-9999,-9999
24,3.5,2.0906,0,2.0906,0.7797275,-35.283275,0.1249,-9999,4.58325,0.865523902951186,1.9512,-9999,-9999,-3.429775,-9999,-9999,-9999
24,4.5,1.944125,0,1.944125,0.4164375,-32.5014,0.12213,-9999,4.579,0.959816174455035,1.9218,-9999,-9999,-1.59245,-9999,-9999,-9999
24,5.5,0.942075,0,0.942075,0.8293675,-26.925925,0.135785,-9999,4.79725,1.09757080124149,2.153325,-9999,-9999,9.466825,-9999,-9999,-9999
24,6.5,-0.94352,0,-0.94352,3.33405,-11.08205,0.16839,-9999,5.5795,1.38231829045307,2.1465,-9999,-9999,44.698475,-9999,-9999,-9999
24,7.5,-2.95255,0,-2.95255,7.7316,-0.91825,0.1730475,-9999,6.45925,1.87127582099503,2.454625,-9999,-9999,83.5029,-9999,-9999,-9999
24,8.5,-4.81805,0,-4.81805,13.6884,12.72875,0.240145,-9999,7.016,2.46129700035629,3.321475,-9999,-9999,158.16015,-9999,-9999,-9999
24,9.5,-6.5714,0,-6.5714,22.879225,19.751375,0.29833,-9999,7.469,2.52924688165823,3.737425,-9999,-9999,191.4168,-9999,-9999,-9999
24,10.5,-7.054075,0,-7.054075,35.12805,32.355775,0.271745,-9999,7.62725,2.72126722989039,3.3156,-9999,-9999,252.786825,-9999,-9999,-9999
24,11.5,-7.340425,0,-7.340425,33.66655,32.9336,0.290685,-9999,7.76425,2.97354970926699,3.88975,-9999,-9999,230.141225,-9999,-9999,-9999
24,12.5,-7.48435,0,-7.48435,43.4787,48.1332,0.2836175,-9999,7.9025,2.72611455960108,3.758575,-9999,-9999,315.25745,-9999,-9999,-9999
24,13.5,-6.8439,0,-6.8439,53.18805,45.17,0.2691875,-9999,8.065,2.67051043600711,3.35625,-9999,-9999,283.9465,-9999,-9999,-9999
24,14.5,-6.6091,0,-6.6091,48.4198,45.9315,0.2499875,-9999,8.2475,2.62256362439256,3.3562,-9999,-9999,235.341075,-9999,-9999,-9999
24,15.5,-6.2637,0,-6.2637,50.70245,44.8189,0.295255,-9999,7.9205,2.35469706556671,3.9292,-9999,-9999,258.233625,-9999,-9999,-9999
24,16.5,-5.8235,0,-5.8235,32.6393,37.3642,0.262365,-9999,8.0125,2.78075565922943,3.80195,-9999,-9999,210.771975,-9999,-9999,-9999
24,17.5,-5.2839,0,-5.2839,39.95015,31.5078,0.27461,-9999,7.9965,2.59717229584936,3.847125,-9999,-9999,170.169775,-9999,-9999,-9999
24,18.5,-3.50285,0,-3.50285,20.182525,16.20855,0.26931,-9999,7.522,2.73783426477796,3.76445,-9999,-9999,102.3438,-9999,-9999,-9999
24,19.5,-1.7555,0,-1.7555,9.9988,5.6717,0.2109,-9999,7.35225,2.21820377038458,2.7427,-9999,-9999,65.104575,-9999,-9999,-9999
24,20.5,-0.39125,0,-0.39125,6.46465,-3.583525,0.1257875,-9999,7.018,2.01843224916451,1.640475,-9999,-9999,25.989925,-9999,-9999,-9999
24,21.5,1.4549,0,1.4549,3.0725,-21.7246,0.12532,-9999,6.61825,1.92347598379293,1.6575,-9999,-9999,4.27755,-9999,-9999,-9999
24,22.5,1.9675,0,1.9675,2.0232,-32.3701,0.14657,-9999,6.27425,1.50074691237268,1.97145,-9999,-9999,-2.041075,-9999,-9999,-9999
24,23.5,2.0137,0,2.0137,1.48125,-25.824725,0.11192,-9999,5.87375,1.20710000229429,1.4259,-9999,-9999,-2.952675,-9999,-9999,-9999
